time,open,high,low,close,volume
2026-04-19 15:00:00,76024.02,76155.3,75401.44,75846.63,1097.76631
2026-04-19 16:00:00,75846.63,75853.26,75311.11,75382.86,403.71917
2026-04-19 17:00:00,75382.87,75382.87,74638.31,74791.26,795.68148
2026-04-19 18:00:00,74791.27,74908.62,74608.0,74770.11,531.16281
2026-04-19 19:00:00,74770.11,75071.61,74770.11,74965.47,306.83274
2026-04-19 20:00:00,74965.46,74965.47,74427.53,74630.0,452.71123
2026-04-19 21:00:00,74630.01,74810.0,74368.6,74425.15,383.54881
2026-04-19 22:00:00,74425.16,74425.16,73762.9,74047.34,1140.3898
2026-04-19 23:00:00,74047.34,74054.22,73790.0,73801.79,415.64133
2026-04-20 00:00:00,73801.8,74360.43,73724.31,74280.01,787.93368
2026-04-20 01:00:00,74280.01,74746.93,74214.67,74595.13,689.61016
2026-04-20 02:00:00,74595.12,74627.99,74304.84,74410.01,739.68976
2026-04-20 03:00:00,74410.01,74640.65,74359.04,74634.0,281.2031
2026-04-20 04:00:00,74634.01,74637.43,74435.19,74567.64,333.76794
2026-04-20 05:00:00,74567.63,74567.63,74095.18,74264.15,529.73957
2026-04-20 06:00:00,74264.16,74894.11,74250.0,74786.59,441.3007
2026-04-20 07:00:00,74786.59,75572.0,74670.86,74837.17,1175.74482
2026-04-20 08:00:00,74837.18,74998.83,74619.41,74728.91,538.52852
2026-04-20 09:00:00,74728.92,75233.0,74706.87,75062.77,502.56404
2026-04-20 10:00:00,75062.77,75404.63,75003.63,75027.26,321.321
2026-04-20 11:00:00,75027.26,75287.88,74957.51,75192.71,284.12016
2026-04-20 12:00:00,75192.72,75650.0,75043.86,75289.9,698.85484
2026-04-20 13:00:00,75289.91,75434.41,74859.11,75269.38,774.09093
2026-04-20 14:00:00,75269.37,75766.74,74921.42,75034.79,1047.20928
2026-04-20 15:00:00,75034.79,75772.72,74702.0,75716.77,1196.9526
2026-04-20 16:00:00,75716.78,75723.99,75299.26,75338.74,630.71705
2026-04-20 17:00:00,75338.75,75991.47,75289.92,75898.14,642.61045
2026-04-20 18:00:00,75898.14,76453.19,75898.14,76423.69,1544.76303
2026-04-20 19:00:00,76423.69,76486.67,76154.49,76296.96,1368.12243
2026-04-20 20:00:00,76296.97,76558.62,76113.07,76276.17,1418.8575
2026-04-20 21:00:00,76276.18,76357.2,75784.05,75954.71,523.28232
2026-04-20 22:00:00,75954.72,76143.71,75904.39,75974.24,220.6417
2026-04-20 23:00:00,75974.24,75974.24,75617.6,75840.97,301.78476
2026-04-21 00:00:00,75840.97,76099.19,75700.0,76092.45,428.95831
2026-04-21 01:00:00,76092.46,76263.4,75866.01,75927.59,391.13593
2026-04-21 02:00:00,75927.58,75932.7,75580.0,75581.33,536.09341
2026-04-21 03:00:00,75581.33,75721.12,75474.77,75710.3,256.2515
2026-04-21 04:00:00,75710.31,75823.49,75600.0,75813.81,259.64273
2026-04-21 05:00:00,75813.8,75981.1,75782.75,75802.0,321.53858
2026-04-21 06:00:00,75802.0,76129.95,75703.85,75974.11,408.87339
2026-04-21 07:00:00,75974.12,76300.0,75814.26,76084.34,1236.72448
2026-04-21 08:00:00,76084.34,76927.57,76063.98,76507.21,915.23783
2026-04-21 09:00:00,76507.21,76587.82,76155.0,76362.77,582.67237
2026-04-21 10:00:00,76362.78,76866.55,76349.59,76746.41,536.34243
2026-04-21 11:00:00,76746.41,76750.68,76342.0,76452.94,624.94284
2026-04-21 12:00:00,76452.94,76528.11,75709.03,76009.46,1039.78515
2026-04-21 13:00:00,76009.46,76179.75,75736.33,75899.98,686.08493
2026-04-21 14:00:00,75899.98,76595.3,75625.28,75675.05,949.21411
2026-04-21 15:00:00,75675.04,75979.78,75430.62,75834.65,923.86151
2026-04-21 16:00:00,75834.66,76190.72,75760.0,75781.18,496.33064
2026-04-21 17:00:00,75781.19,75912.98,75052.64,75545.62,995.0846
2026-04-21 18:00:00,75545.62,75668.24,75310.88,75610.21,456.47055
2026-04-21 19:00:00,75610.21,75919.5,74821.57,75023.43,954.2676
2026-04-21 20:00:00,75023.43,75859.56,74967.58,75698.51,797.25703
2026-04-21 21:00:00,75698.51,75777.38,75431.62,75549.99,249.37655
2026-04-21 22:00:00,75549.99,75650.04,75302.01,75650.04,389.29388
2026-04-21 23:00:00,75650.03,76425.37,75622.0,76336.15,477.13097
2026-04-22 00:00:00,76336.14,76500.0,76220.4,76370.45,496.92701
2026-04-22 01:00:00,76370.46,76416.24,76132.95,76297.99,351.48706
2026-04-22 02:00:00,76297.99,77645.35,76223.9,77604.71,1622.85639
2026-04-22 03:00:00,77604.7,77733.11,77397.88,77521.48,956.6528
2026-04-22 04:00:00,77521.47,77700.0,77364.25,77523.0,547.1578
2026-04-22 05:00:00,77523.01,78452.18,77450.0,77994.93,2386.48879
2026-04-22 06:00:00,77994.92,78042.84,77900.0,78010.72,576.88586
2026-04-22 07:00:00,78010.73,78111.0,77825.0,78012.79,880.5264
2026-04-22 08:00:00,78012.78,78219.41,77941.59,78010.92,987.44812
2026-04-22 09:00:00,78010.92,78184.7,77956.76,78001.95,415.39605
2026-04-22 10:00:00,78001.96,78180.0,77951.17,78157.41,352.72131
2026-04-22 11:00:00,78157.41,78399.0,78102.0,78300.0,560.88264
2026-04-22 12:00:00,78300.0,78508.18,78114.04,78236.05,952.94008
2026-04-22 13:00:00,78236.05,78850.0,78162.64,78840.94,1253.18724
2026-04-22 14:00:00,78840.94,79174.68,78577.86,79045.75,1847.69509
2026-04-22 15:00:00,79045.75,79400.0,78837.66,79272.9,1412.004
2026-04-22 16:00:00,79272.91,79472.82,78632.37,78743.59,1010.97362
2026-04-22 17:00:00,78743.6,79034.73,78705.71,78900.0,502.31388
2026-04-22 18:00:00,78900.01,79163.66,78828.76,79022.39,322.94022
2026-04-22 19:00:00,79022.4,79067.6,78706.81,78846.62,557.30668
2026-04-22 20:00:00,78846.62,78915.84,78410.0,78436.68,436.66543
2026-04-22 21:00:00,78436.69,78821.86,78425.0,78762.69,299.34545
2026-04-22 22:00:00,78762.68,78824.0,78456.15,78607.95,294.6414
2026-04-22 23:00:00,78607.95,78607.95,78155.83,78178.23,712.06893
2026-04-23 00:00:00,78178.22,78574.44,77582.17,78424.29,1778.58027
2026-04-23 01:00:00,78424.3,78472.95,78057.5,78359.23,586.8685
2026-04-23 02:00:00,78359.71,78359.72,77761.2,77939.92,508.32327
2026-04-23 03:00:00,77939.91,78025.99,77453.43,77746.46,609.2036
2026-04-23 04:00:00,77746.47,77949.09,77675.8,77920.09,305.0499
2026-04-23 05:00:00,77920.09,78110.01,77750.0,78033.87,680.89298
2026-04-23 06:00:00,78034.0,78339.35,78034.0,78211.43,433.12959
2026-04-23 07:00:00,78211.43,78248.39,77981.88,78048.62,292.35484
2026-04-23 08:00:00,78048.61,78175.52,77714.86,77858.35,1135.26875
2026-04-23 09:00:00,77858.34,77860.8,77440.85,77655.34,772.05261
2026-04-23 10:00:00,77655.35,77709.16,77174.01,77403.63,1129.48909
2026-04-23 11:00:00,77403.63,77757.31,77365.57,77704.62,525.42671
2026-04-23 12:00:00,77704.61,77870.54,77491.18,77870.53,636.21566
2026-04-23 13:00:00,77870.54,77904.37,77379.92,77532.23,592.70115
2026-04-23 14:00:00,77532.23,78201.53,77414.0,78180.77,926.52082
2026-04-23 15:00:00,78180.78,78662.5,77983.25,78376.76,1008.45262
2026-04-23 16:00:00,78376.77,78509.82,78030.0,78103.72,661.93618
2026-04-23 17:00:00,78103.72,78184.85,76960.0,77769.21,1724.53866
2026-04-23 18:00:00,77769.2,78146.75,77678.65,77678.65,731.06838
2026-04-23 19:00:00,77678.65,77886.88,77592.92,77727.26,830.20485
2026-04-23 20:00:00,77727.25,78050.0,77637.5,77886.97,391.74493
2026-04-23 21:00:00,77886.97,78070.0,77800.0,77864.83,211.37751
2026-04-23 22:00:00,77864.84,78331.0,77864.83,78235.3,271.3302
2026-04-23 23:00:00,78235.29,78298.01,78030.0,78257.48,228.06394
2026-04-24 00:00:00,78257.48,78490.83,78172.01,78417.22,451.37457
2026-04-24 01:00:00,78417.22,78450.0,77952.16,78429.73,533.84795
2026-04-24 02:00:00,78429.73,78581.93,78067.17,78125.65,425.56297
2026-04-24 03:00:00,78125.65,78178.4,77555.0,77737.85,639.95986
2026-04-24 04:00:00,77737.84,77854.57,77482.49,77670.0,605.14416
2026-04-24 05:00:00,77670.01,78057.65,77457.0,77953.48,423.6718
2026-04-24 06:00:00,77953.48,77979.54,77761.2,77789.75,280.75336
2026-04-24 07:00:00,77789.75,77855.67,77543.52,77644.6,696.90666
2026-04-24 08:00:00,77644.59,78000.0,77550.73,77785.71,731.67499
2026-04-24 09:00:00,77785.7,77804.23,77402.01,77527.69,621.09775
2026-04-24 10:00:00,77527.7,77784.0,77444.95,77752.36,379.99202
2026-04-24 11:00:00,77752.37,78372.58,77752.37,78240.26,1186.36064
2026-04-24 12:00:00,78240.27,78345.15,78016.51,78275.66,579.40035
2026-04-24 13:00:00,78275.65,78479.37,77913.27,78093.79,852.96848
2026-04-24 14:00:00,78093.8,78093.8,77681.74,78037.64,755.72516
2026-04-24 15:00:00,78037.65,78233.18,77577.22,78038.62,662.02033
2026-04-24 16:00:00,78038.63,78060.29,77586.86,77777.28,525.06319
2026-04-24 17:00:00,77776.76,77829.17,77489.6,77681.71,537.36482
2026-04-24 18:00:00,77681.72,77717.08,77363.63,77618.24,321.31558
2026-04-24 19:00:00,77618.25,77748.66,77532.46,77628.85,250.57895
2026-04-24 20:00:00,77628.84,77757.14,77458.0,77718.31,376.29595
2026-04-24 21:00:00,77718.31,77756.15,77536.48,77536.48,322.69633
2026-04-24 22:00:00,77536.49,77616.78,77264.08,77328.91,278.27896
2026-04-24 23:00:00,77328.92,77456.87,77328.92,77437.13,237.08832
2026-04-25 00:00:00,77437.13,77502.99,77309.92,77456.88,429.63681
2026-04-25 01:00:00,77456.88,77620.52,77440.8,77541.63,200.07888
2026-04-25 02:00:00,77541.63,77644.04,77504.43,77607.8,171.0703
2026-04-25 03:00:00,77607.8,77711.87,77550.27,77679.07,142.22205
2026-04-25 04:00:00,77679.08,77691.23,77596.37,77619.05,275.21191
2026-04-25 05:00:00,77619.05,77619.05,77485.51,77510.28,174.55862
2026-04-25 06:00:00,77510.27,77582.28,77489.35,77503.63,269.54814
2026-04-25 07:00:00,77503.63,77566.26,77450.0,77501.19,174.69907
2026-04-25 08:00:00,77501.19,77654.41,77491.36,77643.37,116.50084
2026-04-25 09:00:00,77643.38,77779.65,77587.1,77714.55,144.65626
2026-04-25 10:00:00,77714.56,77885.35,77714.55,77787.77,306.44644
2026-04-25 11:00:00,77787.76,77787.77,77607.03,77682.3,185.59351
2026-04-25 12:00:00,77682.29,77717.95,77550.61,77557.14,161.82067
2026-04-25 13:00:00,77557.14,77710.91,77557.14,77691.69,161.65796
2026-04-25 14:00:00,77691.7,77752.54,77638.0,77656.75,202.75966
2026-04-25 15:00:00,77656.74,77722.7,77299.89,77330.26,480.35839
2026-04-25 16:00:00,77330.25,77454.31,77140.23,77397.27,471.60364
2026-04-25 17:00:00,77397.27,77407.03,77210.96,77245.77,151.09691
2026-04-25 18:00:00,77245.78,77389.01,77216.29,77313.0,331.13304
2026-04-25 19:00:00,77313.0,77343.81,77193.79,77330.01,293.84127
2026-04-25 20:00:00,77330.0,77481.7,77311.05,77479.13,85.63447
2026-04-25 21:00:00,77479.14,77530.0,77415.2,77525.84,150.55151
2026-04-25 22:00:00,77525.83,77634.77,77498.81,77557.01,242.12513
2026-04-25 23:00:00,77557.01,77650.0,77530.0,77625.0,362.30872
2026-04-26 00:00:00,77625.0,77642.43,77445.94,77502.4,307.91239
2026-04-26 01:00:00,77502.39,77572.81,77451.16,77461.16,130.56583
2026-04-26 02:00:00,77461.16,77590.97,77452.07,77512.67,85.92459
2026-04-26 03:00:00,77512.67,77541.96,77326.51,77400.21,146.77411
2026-04-26 04:00:00,77400.21,77814.43,77383.46,77774.29,227.07196
2026-04-26 05:00:00,77774.29,78200.0,77719.77,77983.31,797.06637
2026-04-26 06:00:00,77983.31,78045.0,77899.45,77999.04,206.01822
2026-04-26 07:00:00,77999.04,78121.45,77968.36,78102.53,175.6113
2026-04-26 08:00:00,78102.53,78210.0,78019.65,78032.59,265.96473
2026-04-26 09:00:00,78032.59,78058.45,77926.59,77999.99,168.80014
2026-04-26 10:00:00,78000.0,78050.19,77954.0,78002.43,153.3474
2026-04-26 11:00:00,78002.43,78149.99,78002.42,78101.44,133.58626
2026-04-26 12:00:00,78101.43,78101.5,77770.0,77833.08,296.93614
2026-04-26 13:00:00,77833.08,77996.69,77797.13,77977.79,254.46962
2026-04-26 14:00:00,77977.79,77977.8,77871.85,77926.6,59.45272
