entry_time,exit_time,side,entry,sl,tp,exit,qty,pnl,fee,result,reason,balance
2025-05-06 23:41:00,2025-05-07 01:08:00,BUY,96635.37255714285,96102.72,97700.67767142855,97700.67767142855,0.008200111665580182,8.098189970047565,0.6374309250088339,WIN,TP,1008.0981899700475
2025-05-08 15:21:00,2025-05-08 15:24:00,BUY,99689.97734285714,99316.0,100437.9320285714,100437.9320285714,0.011112689951302723,7.422204756987921,0.8895837629788385,WIN,TP,1015.5203947270354
2025-05-08 15:36:00,2025-05-08 21:18:00,BUY,100661.0522857143,99316.0,103351.15685714288,103351.15685714288,0.0035631216698054566,9.294401763179199,0.2907681293207189,WIN,TP,1024.8147964902146
2025-05-10 23:21:00,2025-05-11 02:53:00,BUY,104438.10465714286,103571.42,106171.47397142858,103571.42,0.005394395405813706,-5.124073982451072,0.44883424967039376,LOSS,SL,1019.6907225077636
2025-05-18 14:36:00,2025-05-18 18:07:00,BUY,104992.27471428571,104325.47,106325.88414285713,104325.47,0.006793121263958242,-5.098453612538818,0.568768329016959,LOSS,SL,1014.5922688952247
2025-05-21 14:51:00,2025-05-21 17:29:00,BUY,108336.67584285715,107009.06,110991.90752857145,107009.06,0.0035882910691556417,-5.0729613444761235,0.30908927228226973,LOSS,SL,1009.5193075507486
2025-05-23 14:01:00,2025-05-23 16:15:00,BUY,109808.14492857143,108462.16,112500.1147857143,108462.16,0.0035216779540248036,-5.047596537753743,0.3074710883540886,LOSS,SL,1004.4717110129949
2025-05-28 14:36:00,2025-05-29 02:52:00,SELL,107714.29122857144,108433.34,106276.19368571433,108433.34,0.006235021443520921,-5.022358555064975,0.5390740462705581,LOSS,SL,999.4493524579299
2025-05-29 14:06:00,2025-05-29 18:59:00,SELL,107523.57394285714,108354.38,105861.96182857141,105861.96182857141,0.0054486259839848705,8.58843975127697,0.4650631899242955,WIN,TP,1008.0377922092068
2025-05-29 19:11:00,2025-05-30 00:58:00,SELL,105982.86094285714,106617.77,104713.0428285714,104713.0428285714,0.007000755323185631,8.299673735102909,0.5900121879604944,WIN,TP,1016.3374659443098
2025-05-30 07:36:00,2025-05-30 10:46:00,SELL,105048.62022857142,105850.0,103445.86068571427,105850.0,0.0057372274115573135,-5.081687329721549,0.48398933801399036,LOSS,SL,1011.2557786145882
2025-05-31 01:31:00,2025-05-31 02:54:00,SELL,103843.35602857142,104195.13,103139.80808571425,103139.80808571425,0.011623913801452803,7.215598859754629,0.9623817832065663,WIN,TP,1018.4713774743428
2025-06-03 14:51:00,2025-06-04 00:40:00,BUY,106473.594,105150.94,109118.90199999999,105150.94,0.003618519923103925,-5.092356887371714,0.30630703699863365,LOSS,SL,1013.3790205869711
2025-06-05 13:51:00,2025-06-05 19:16:00,SELL,104748.99165714286,105909.71,102427.55497142857,102427.55497142857,0.004069854681579979,9.110638588061862,0.3372713752839457,WIN,TP,1022.489659175033
2025-06-05 20:41:00,2025-06-06 02:59:00,SELL,100842.67601428571,102171.44,98185.14804285712,102171.44,0.0036259279486666467,-5.112448295875165,0.29444582289202065,LOSS,SL,1017.3772108791578
2025-06-12 20:41:00,2025-06-13 00:03:00,SELL,106190.83482857143,106960.77,104650.96448571428,104650.96448571428,0.0059482120643338824,8.65782265715399,0.501652693738839,WIN,TP,1026.0350335363119
2025-06-22 13:36:00,2025-06-23 18:05:00,SELL,100689.09422857143,102810.28,96446.72268571428,102810.28,0.0023291604882033808,-5.13017516768156,0.18959308073092077,LOSS,SL,1020.9048583686302
2025-06-23 20:31:00,2025-06-23 22:25:00,BUY,103851.46744285715,102800.0,105954.40232857144,105954.40232857144,0.004500836023415269,9.087244361883062,0.37772072663648737,WIN,TP,1029.9921027305134
2025-07-09 19:51:00,2025-07-10 21:19:00,BUY,111622.73178571428,109532.0,115804.19535714283,115804.19535714283,0.0023632413055485056,9.666821546359145,0.2149858832871882,WIN,TP,1039.6589242768725
2025-07-14 03:41:00,2025-07-14 03:42:00,BUY,119995.43021428572,119592.7,120800.89064285716,120800.89064285716,0.010426503582804461,7.393870563450134,1.004265480857253,WIN,TP,1047.0527948403226
2025-07-16 14:46:00,2025-07-16 18:45:00,BUY,118734.80311428572,118200.0,119804.40934285717,119804.40934285717,0.008315525628698391,8.100906432446505,0.7934315738547609,WIN,TP,1055.153701272769
2025-07-30 18:56:00,2025-07-30 23:48:00,SELL,116612.46032857143,117862.85,114111.68098571427,117862.85,0.003924897936861094,-5.275768506363845,0.36811666470138993,LOSS,SL,1049.8779327664051
2025-08-01 00:46:00,2025-08-01 02:38:00,SELL,115279.4678,115933.0,113972.4034,115933.0,0.007036553251671437,-5.249389663832026,0.650775536850027,LOSS,SL,1044.628543102573
2025-08-05 14:26:00,2025-08-06 14:55:00,SELL,113302.22385714286,114573.17,110760.33157142859,114573.17,0.0038346354174657333,-5.223142715512864,0.3495276224214214,LOSS,SL,1039.4054003870601
2025-08-06 15:56:00,2025-08-06 21:40:00,BUY,115388.67002857142,114873.57,116418.87008571424,114873.57,0.00855893421072919,-5.197027001935302,0.7883197454478705,LOSS,SL,1034.2083733851248
2025-08-11 02:01:00,2025-08-11 19:51:00,BUY,120660.66727142857,118979.2,124023.6018142857,118979.2,0.0029094549677709364,-5.171041866925624,0.27888856092353026,LOSS,SL,1029.0373315181992
2025-08-15 14:46:00,2025-08-17 08:51:00,SELL,117595.35492857143,118274.0,116238.06478571428,118274.0,0.006656189512241296,-5.145186657590996,0.6279964506138709,LOSS,SL,1023.8921448606081
2025-08-18 02:06:00,2025-08-19 14:43:00,SELL,116095.14841428571,117200.2,113885.04524285713,113885.04524285713,0.004272021077602961,9.048615238126228,0.39299209389381007,WIN,TP,1032.9407600987345
2025-08-20 14:06:00,2025-08-20 14:33:00,SELL,112584.9913,113646.67,110461.63389999999,113646.67,0.004482583025004526,-5.1647038004936725,0.4056408818647814,LOSS,SL,1027.7760562982407
2025-08-22 15:46:00,2025-08-22 15:59:00,BUY,117204.43427142857,116390.29,118832.72281428573,116390.29,0.005662165368094567,-5.138880281491204,0.5290607831757129,LOSS,SL,1022.6371760167495
2025-08-25 07:51:00,2025-08-25 13:45:00,SELL,111701.46857142857,112165.19,110774.02571428572,110774.02571428572,0.009241787036010281,7.7488009182153235,0.8224284555678775,WIN,TP,1030.385976934965
2025-08-26 15:41:00,2025-08-26 18:38:00,SELL,109716.87805714285,110561.76,108027.11417142856,110561.76,0.005521936055793037,-5.151929884674825,0.4865458215234885,LOSS,SL,1025.23404705029
2025-08-29 13:41:00,2025-08-29 20:08:00,SELL,109768.87577142857,110780.57,107745.48731428571,107745.48731428571,0.004660519098026811,9.02454860993888,0.40549193730244376,WIN,TP,1034.2585956602288
2025-09-01 10:36:00,2025-09-02 02:36:00,SELL,108491.23884285714,109625.57,106222.57652857142,109625.57,0.0042332896330952545,-5.171292978301144,0.36934065027131463,LOSS,SL,1029.0873026819277
2025-09-02 13:36:00,2025-09-10 12:30:00,BUY,110064.91334285714,108402.18,113390.38002857142,113390.38002857142,0.002940047530243567,9.514242442882942,0.2627876733586081,WIN,TP,1038.6015451248106
2025-10-03 16:01:00,2025-10-06 18:56:00,BUY,122814.13534285715,121222.0,125998.40602857144,125998.40602857144,0.003073240627021425,9.48016571450848,0.3058643242620494,WIN,TP,1048.0817108393192
2025-10-09 13:56:00,2025-10-09 16:55:00,SELL,122404.35572857143,123500.0,120213.0671857143,120213.0671857143,0.004388929782581079,9.191479214693729,0.42593233328063107,WIN,TP,1057.273190054013
2025-10-10 15:21:00,2025-10-10 19:21:00,SELL,119653.59525714285,121407.45,116145.88577142856,116145.88577142856,0.0028570639835381766,9.752272754516042,0.26947768183349,WIN,TP,1067.025462808529
2025-10-11 20:51:00,2025-10-11 21:46:00,SELL,110414.57722857142,110983.99,109275.75168571425,110983.99,0.008108438818030162,-5.335127314042646,0.7180786947089636,LOSS,SL,1061.6903354944864
2025-10-13 13:31:00,2025-10-13 14:27:00,BUY,115255.53908571429,114220.07,117326.47725714286,114220.07,0.004709166328692193,-5.308451677472433,0.4322555246250313,LOSS,SL,1056.3818838170139
2025-10-14 10:16:00,2025-10-14 14:16:00,SELL,110855.23481428571,111750.89,109063.92444285713,111750.89,0.005363991166336136,-5.2819094190850695,0.4776229148304592,LOSS,SL,1051.099974397929
2025-10-16 16:01:00,2025-10-17 08:16:00,SELL,108509.4865,110450.0,104628.4595,104628.4595,0.0025913450434468335,9.836154495958324,0.22092558397501552,WIN,TP,1060.9361288938871
2025-10-22 21:01:00,2025-10-22 23:31:00,SELL,107115.45199999999,107926.59,105493.17599999998,107926.59,0.0059127817686921635,-5.304680644469435,0.5085986661759738,LOSS,SL,1055.6314482494176
2025-10-23 17:36:00,2025-10-23 20:58:00,BUY,110747.65090000001,109650.0,112942.95270000002,109650.0,0.004451098757548518,-5.278157241247089,0.39240468403504086,LOSS,SL,1050.3532910081706
2025-10-26 22:01:00,2025-10-26 22:03:00,BUY,113731.1830142857,112901.0,115391.54904285712,115391.54904285712,0.0057032599688831955,8.946800502163857,0.5226986022810612,WIN,TP,1059.3000915103344
2025-10-29 14:16:00,2025-10-29 16:07:00,SELL,112609.14507142857,113304.78,111217.87521428573,111217.87521428573,0.006738545925843134,8.771828365342335,0.6033074622559635,WIN,TP,1068.0719198756767
2025-10-29 16:11:00,2025-10-30 04:27:00,SELL,111054.34012857144,112158.0,108847.0203857143,108847.0203857143,0.004476619174578155,9.487564026501518,0.3937658587976301,WIN,TP,1077.5594839021783
2025-10-30 12:41:00,2025-10-30 19:40:00,SELL,108625.1523,109777.93,106319.59690000002,106319.59690000002,0.004344511148299293,9.642979194654442,0.3735319436671182,WIN,TP,1087.2024630968326
2025-10-31 16:41:00,2025-11-01 03:57:00,SELL,109739.6429857143,110300.0,108618.92895714288,110300.0,0.00838408353371693,-5.436012315484163,0.7379322990085917,LOSS,SL,1081.7664507813483
2025-11-03 02:46:00,2025-11-03 15:26:00,SELL,108720.15708571428,109754.14,106652.19125714284,106652.19125714284,0.004823403116997512,9.55910176085102,0.4155310625248043,WIN,TP,1091.3255525421994
2025-11-04 16:16:00,2025-11-04 18:33:00,SELL,103017.94988571429,104420.26,100213.32965714288,100213.32965714288,0.0036737907537345367,10.004936185200812,0.298651678261675,WIN,TP,1101.3304887274003
2025-11-12 16:01:00,2025-11-13 07:02:00,SELL,102001.76765714286,103699.67,98605.96297142858,103699.67,0.003093307091201108,-5.506652443637001,0.2545190863100411,LOSS,SL,1095.8238362837633
2025-11-13 09:06:00,2025-11-13 13:28:00,SELL,103355.27764285714,103811.49,102442.8529285714,102442.8529285714,0.010163850806467123,8.437068069982463,0.8366805981511362,WIN,TP,1104.2609043537457
2025-11-13 16:16:00,2025-11-13 18:11:00,SELL,101099.82267142857,102015.6,99268.2680142857,99268.2680142857,0.0055377877601058235,9.698922578244561,0.44383838404604886,WIN,TP,1113.9598269319902
2025-11-14 12:36:00,2025-11-14 14:36:00,SELL,95327.85768571429,96209.62,93564.33305714288,96209.62,0.005811697651341813,-5.569799134659951,0.4452631636840002,LOSS,SL,1108.3900277973303
2025-11-17 13:31:00,2025-11-17 14:36:00,SELL,94407.84595714285,95430.0,92363.53787142856,95430.0,0.0050469035062602795,-5.5419501389866515,0.3832373161528012,LOSS,SL,1102.8480776583435
2025-11-18 03:01:00,2025-11-18 12:41:00,SELL,90626.46830000001,91750.0,88379.40490000002,91750.0,0.004608710422820464,-5.514240388291717,0.33620813213255846,LOSS,SL,1097.3338372700518
2025-11-19 04:31:00,2025-11-19 05:30:00,SELL,91572.73879999999,91976.12,90765.97639999999,90765.97639999999,0.011507258033711675,8.444335650559847,0.839287458136746,WIN,TP,1105.7781729206117
2025-11-20 14:06:00,2025-11-20 16:22:00,SELL,91147.56205714284,92541.92,88358.84617142854,88358.84617142854,0.0037667010439991428,10.233800248025439,0.2704587901116384,WIN,TP,1116.0119731686373
2025-11-21 02:51:00,2025-11-21 07:33:00,SELL,86026.32048571428,86819.11,84440.74145714285,84440.74145714285,0.006473930415939428,9.823491541053208,0.44143675889107736,WIN,TP,1125.8354647096905
2025-11-21 09:21:00,2025-11-21 10:02:00,SELL,83353.61977142857,84000.0,82060.8593142857,82060.8593142857,0.007891499037750386,9.679670622570729,0.5221472810139582,WIN,TP,1135.5151353322613
2025-11-22 04:16:00,2025-11-22 06:22:00,SELL,84040.58294285715,84548.3,83025.14882857143,84548.3,0.009871424687618898,-5.677575676661307,0.665684984456085,LOSS,SL,1129.8375596556
2025-11-24 16:41:00,2025-11-24 17:58:00,BUY,87230.25745714286,86616.43,88457.91237142858,88457.91237142858,0.008266707307699453,9.567718780299677,0.5809450709592777,WIN,TP,1139.4052784358996
2025-11-24 18:46:00,2025-11-24 19:54:00,BUY,88436.59138571427,88200.0,88909.77415714282,88200.0,0.018542229937153803,-5.697026392179497,1.3100945171155978,LOSS,SL,1133.7082520437202
2025-12-01 04:26:00,2025-12-01 07:42:00,SELL,85705.50367142858,86472.29,84171.93101428576,86472.29,0.006783331240666502,-5.668541260218601,0.4671756027041731,LOSS,SL,1128.0397107835017
2025-12-02 17:21:00,2025-12-03 04:58:00,BUY,91511.03110000001,90545.41,93442.27330000002,93442.27330000002,0.005431395733713028,10.087518810464891,0.40182183538171484,WIN,TP,1138.1272295939666
2025-12-03 06:21:00,2025-12-03 06:44:00,BUY,93815.46401428571,93391.06,94664.27204285713,93391.06,0.011397533752491045,-5.690636147969833,0.8534770704557386,LOSS,SL,1132.4365934459968
2025-12-04 20:41:00,2025-12-05 09:16:00,BUY,92131.69375714286,91688.92,93017.24127142857,91688.92,0.010966804192536414,-5.662182967229985,0.8063698710505804,LOSS,SL,1126.7744104787669
2025-12-08 01:11:00,2025-12-08 07:36:00,BUY,90729.68584285714,90223.68,91741.69752857144,91741.69752857144,0.009740658433742198,9.146703593757252,0.7109565677414047,WIN,TP,1135.9211140725242
2025-12-09 16:31:00,2025-12-10 11:42:00,BUY,93414.89334285715,91950.65,96343.38002857145,91950.65,0.003691916350267807,-5.679605570362622,0.27374163209750807,LOSS,SL,1130.2415085021617
2025-12-10 16:11:00,2025-12-10 20:08:00,BUY,92183.31914285714,91563.15,93423.65742857145,93423.65742857145,0.008146850853680247,9.500006079611863,0.604844942211981,WIN,TP,1139.7415145817736
2025-12-10 20:11:00,2025-12-10 20:54:00,BUY,93760.11967142858,92401.28,96477.79901428573,92401.28,0.003975923218862965,-5.698707572908868,0.2960653725638645,LOSS,SL,1134.0428070088647
2025-12-11 03:11:00,2025-12-11 04:49:00,SELL,89495.21862857143,90222.35,88040.95588571427,90222.35,0.007096474928477646,-5.6702140350443235,0.5101444879918471,LOSS,SL,1128.3725929738202
2025-12-15 16:31:00,2025-12-15 17:39:00,SELL,86720.17698571428,87220.0,85720.53095714284,85720.53095714284,0.009908451054283587,9.22149561994198,0.6834481257671243,WIN,TP,1137.5940885937623
2025-12-15 18:26:00,2025-12-15 18:55:00,SELL,85573.54052857142,85980.0,84760.62158571427,85980.0,0.011972635799398619,-5.687970442968812,0.8215792243383825,LOSS,SL,1131.9061181507934
2025-12-16 13:56:00,2025-12-16 15:51:00,SELL,86960.49252857143,87786.88,85307.71758571427,87786.88,0.006314421887565341,-5.659530590753967,0.44137145355557844,LOSS,SL,1126.2465875600394
2025-12-18 13:46:00,2025-12-18 17:03:00,BUY,88822.91007142857,87508.16,91452.41021428572,87508.16,0.004065043007478213,-5.631232937800197,0.28671735335800463,LOSS,SL,1120.6153546222392
2025-12-30 16:16:00,2025-12-30 17:45:00,BUY,89151.34362857143,88458.0,90538.03088571428,88458.0,0.007330153561098577,-5.603076773111196,0.5207615050733415,LOSS,SL,1115.012277849128
2026-01-05 16:01:00,2026-01-06 07:43:00,BUY,93990.59712857142,93227.5,95516.79138571426,93227.5,0.006652941995077173,-5.57506138924564,0.49822045625004396,LOSS,SL,1109.4372164598824
2026-01-09 08:51:00,2026-01-09 13:30:00,SELL,89779.66885714287,90843.77,87651.4665714286,90843.77,0.004881580104446972,-5.547186082299411,0.3526911142087291,LOSS,SL,1103.890030377583
2026-01-13 22:11:00,2026-01-14 20:11:00,BUY,95311.93548571429,94062.0,97811.80645714287,97811.80645714287,0.004163470132392197,10.086512151803197,0.32162597257396164,WIN,TP,1113.976542529386
2026-01-22 15:21:00,2026-01-22 18:19:00,SELL,89151.05811428571,89723.13,88006.91434285713,89723.13,0.008653971604585552,-5.5698827126469315,0.6191888578937292,LOSS,SL,1108.4066598167392
2026-01-29 17:56:00,2026-01-30 01:42:00,SELL,84218.24325714285,85638.3,81378.12977142855,81378.12977142855,0.003724486345536966,10.331259325232178,0.24670457208614407,WIN,TP,1118.7379191419714
2026-01-31 14:16:00,2026-01-31 14:26:00,SELL,82511.90117142857,82928.2,81679.30351428573,81679.30351428573,0.011593742917304495,8.891486943900725,0.7614362465634772,WIN,TP,1127.629406085872
2026-01-31 16:46:00,2026-01-31 18:21:00,SELL,80800.23021428571,82200.0,78000.69064285712,78000.69064285712,0.0038486436587326645,10.529962956126681,0.2444672628231002,WIN,TP,1138.1593690419986
2026-02-01 14:31:00,2026-02-01 14:51:00,SELL,77741.54671428572,78505.04,76214.56014285718,78505.04,0.006889651950171908,-5.690796845209993,0.4305938403455131,LOSS,SL,1132.4685721967887
2026-02-02 03:36:00,2026-02-02 06:43:00,SELL,74792.77467142857,76736.0,70906.32401428572,76736.0,0.0028257504565052933,-5.662342860983944,0.17127300168059084,LOSS,SL,1126.8062293358048
2026-02-03 02:46:00,2026-02-03 03:56:00,SELL,78328.17765714285,78845.64,77293.25297142855,78845.64,0.009708291821808122,-5.634031146679024,0.6103557154252803,LOSS,SL,1121.1721981891258
2026-02-04 13:36:00,2026-02-04 14:34:00,SELL,75710.7047142857,76211.45,74709.21414285712,74709.21414285712,0.009983472393181711,9.397668228971089,0.6006852429179674,WIN,TP,1130.5698664180968
2026-02-04 17:26:00,2026-02-04 18:38:00,SELL,72708.93795714286,73891.62,70343.57387142858,73891.62,0.004553893446319888,-5.652849332090483,0.2670413280431487,LOSS,SL,1124.9170170860064
2026-02-05 01:21:00,2026-02-05 12:17:00,SELL,72094.47705714285,73341.18,69601.07117142857,69601.07117142857,0.004310432476670437,10.503350070150429,0.2443076371536226,WIN,TP,1135.4203671561568
2026-02-05 20:16:00,2026-02-06 00:14:00,SELL,64268.295557142854,66170.0,60464.88667142856,60464.88667142856,0.0029055533246543155,10.906039767979351,0.14496756492757532,WIN,TP,1146.326406924136
2026-02-10 05:41:00,2026-02-10 11:44:00,SELL,69462.43669999999,69864.0,68659.31009999997,68659.31009999997,0.012533804522598049,9.373755421414625,0.6924763898843929,WIN,TP,1155.7001623455508
2026-02-11 04:21:00,2026-02-11 06:10:00,SELL,68069.78612857143,68559.64,67090.0783857143,67090.0783857143,0.010612380051337059,9.823283766472393,0.5737471399651303,WIN,TP,1165.523446112023
2026-02-12 18:16:00,2026-02-12 22:45:00,SELL,65657.99072857143,66200.88,64572.21218571428,66200.88,0.009783908874093887,-5.827617230560114,0.5160380701797075,LOSS,SL,1159.695828881463
2026-02-13 18:36:00,2026-02-13 20:00:00,BUY,69181.68590000001,68903.27,69738.51770000003,68903.27,0.017378933579694097,-5.798479144407315,0.9599077107764356,LOSS,SL,1153.8973497370557
2026-02-23 01:06:00,2026-02-24 01:16:00,SELL,66238.41378571428,67480.54,63754.161357142846,63754.161357142846,0.004453091474780723,10.831055779613369,0.23154753126137986,WIN,TP,1164.728405516669
2026-02-24 04:16:00,2026-02-24 14:52:00,SELL,62934.079985714285,63789.38,61223.47995714286,63789.38,0.0064279361752349485,-5.823642027583345,0.3258281250772445,LOSS,SL,1158.9047634890856
2026-02-25 15:01:00,2026-02-25 18:17:00,BUY,67118.11121428572,66202.66,68949.01364285714,68949.01364285714,0.005981261660928584,10.62556527002698,0.3255412308883246,WIN,TP,1169.5303287591125
2026-02-25 18:26:00,2026-02-25 22:40:00,BUY,69083.07710000001,68373.33,70502.57130000003,68373.33,0.007646691279214801,-5.847651643795563,0.4204346837775078,LOSS,SL,1163.682677115317
2026-02-26 09:11:00,2026-02-26 13:55:00,BUY,68193.73148571429,67904.0,68773.19445714288,67904.0,0.01690560946310725,-5.8184133855765845,0.9203260389249285,LOSS,SL,1157.8642637297403
2026-02-27 04:16:00,2026-02-27 10:03:00,BUY,68204.94095714287,67219.21,70176.4028714286,67219.21,0.0055671871148836125,-5.789321318648702,0.30157263530106365,LOSS,SL,1152.0749424110916
2026-02-28 06:31:00,2026-02-28 18:37:00,SELL,64330.150485714286,65591.04,61808.37145714287,65591.04,0.004387660168750933,-5.760374712055457,0.2280200130283485,LOSS,SL,1146.3145676990362
2026-03-02 15:31:00,2026-03-03 09:26:00,BUY,68659.41245714285,66850.31,72277.61737142857,66850.31,0.0030760228184767216,-5.731572838495181,0.16673239936144757,LOSS,SL,1140.582994860541
2026-03-04 17:11:00,2026-03-04 21:01:00,BUY,73515.17891428572,72898.14,74749.25674285715,72898.14,0.008441206583715926,-5.702914974302705,0.49436202862518736,LOSS,SL,1134.8800798862383
2026-03-05 10:21:00,2026-03-05 10:32:00,BUY,72759.69402857142,72424.0,73431.08208571427,73431.08208571427,0.014410534923103093,8.832386130559124,0.8426749138521838,WIN,TP,1143.7124660167974
2026-03-06 13:56:00,2026-03-07 07:03:00,SELL,69427.79371428571,70341.76,67599.86114285715,67599.86114285715,0.005896190327828563,10.45466189429442,0.32317645328548655,WIN,TP,1154.167127911092
2026-03-09 14:36:00,2026-03-09 16:33:00,BUY,69264.9544,68696.28,70402.30320000001,68696.28,0.009250225807913995,-5.77083563955546,0.5104690283754209,LOSS,SL,1148.3962922715364
2026-03-10 09:21:00,2026-03-10 11:14:00,BUY,70966.71434285714,70611.42,71677.30302857143,70611.42,0.013939365528219526,-5.741981461357683,0.7894037461633824,LOSS,SL,1142.6543108101787
2026-03-11 13:16:00,2026-03-11 17:25:00,BUY,69854.73079999999,69152.57,71259.05239999996,71259.05239999996,0.007539647783135267,10.162510949179234,0.4255792890694841,WIN,TP,1152.816821759358
2026-03-13 00:16:00,2026-03-14 06:40:00,BUY,71570.44955714286,70386.01,73939.32867142858,70386.01,0.004643877931723093,-5.76408410879679,0.263691387921183,LOSS,SL,1147.052737650561
2026-03-16 13:36:00,2026-03-16 14:29:00,BUY,74306.70044285714,73778.19,75363.72132857141,73778.19,0.009758091608659142,-5.735263688252805,0.578010370719861,LOSS,SL,1141.3174739623082
2026-03-20 17:31:00,2026-03-20 17:58:00,SELL,69601.89595714286,69963.88,68877.92787142856,69963.88,0.013658319679152315,-5.70658736981154,0.7624935937166429,LOSS,SL,1135.6108865924966
2026-03-22 00:01:00,2026-03-23 11:06:00,SELL,68380.15271428572,70217.8,64704.85814285716,70217.8,0.0029993634905438123,-5.678054432962483,0.16628225569413854,LOSS,SL,1129.9328321595342
2026-04-07 22:36:00,2026-04-11 18:36:00,BUY,71124.9112,69872.39,73629.95360000001,73629.95360000001,0.004316278795321631,10.562540451119276,0.24992094138235585,WIN,TP,1140.4953726106535
2026-04-13 22:51:00,2026-04-16 13:55:00,BUY,74357.7379,73321.4,76430.41369999999,73321.4,0.005205794340748057,-5.702476863053268,0.3075148881305488,LOSS,SL,1134.7928957476001
2026-04-16 18:46:00,2026-04-17 08:54:00,BUY,74726.21831428571,74240.0,75698.65494285713,75698.65494285713,0.010395592823636376,9.483552944246865,0.6255022931713463,WIN,TP,1144.276448691847
2026-04-17 14:21:00,2026-04-18 08:37:00,BUY,77405.60071428571,76516.17,79184.46214285714,76516.17,0.006016178462011116,-5.721382243459236,0.3704083367223596,LOSS,SL,1138.5550664483878
2026-04-19 17:51:00,2026-04-19 22:21:00,SELL,74850.38745714286,75381.76,73787.64237142859,73787.64237142859,0.009624866162132676,9.65653075698282,0.5722484574812339,WIN,TP,1148.2115972053707
2026-04-22 02:51:00,2026-04-22 15:30:00,BUY,77299.16608571429,76346.54,79204.41825714287,79204.41825714287,0.005661321844954926,10.43183887391486,0.3544068643415852,WIN,TP,1158.6434360792855
2026-04-22 16:01:00,2026-04-22 16:42:00,BUY,79316.7001,78837.66,80274.7803,78837.66,0.010682643336114381,-5.793217180396429,0.6758026483998798,LOSS,SL,1152.8502188988891
