ema,lorentzian_k,lorentzian_horizon,andean_length,min_atr_pct,risk,profit_pct,final_balance,total_trades,trades_per_day,winrate,profit_factor,max_drawdown_pct,avg_win,avg_loss,expectancy,passes_robust_filter
50/200,8,8,50,0.002,0.01,5.390870573960274,1053.9087057396027,322,0.8797814207650273,41.61490683229814,1.0377307690236897,-12.524590336145469,11.064789182929768,-7.599856621132902,0.1674183408062211,False
50/200,8,8,50,0.002,0.005,3.118222929048647,1031.1822292904865,322,0.8797814207650273,41.61490683229814,1.0437357040692168,-6.370029794733773,5.553372176819291,-3.792391714911165,0.09683922139902491,False
50/200,8,12,50,0.002,0.005,0.29204807315003334,1002.9204807315003,320,0.8743169398907104,38.4375,1.0040697788752024,-8.643818643684527,5.85790489130232,-3.6426488370491636,0.009126502285938188,False
50/200,8,12,50,0.002,0.01,-0.33381249056021717,996.6618750943978,320,0.8743169398907104,38.4375,0.9976366662673855,-16.756296251670413,11.456311671447363,-7.1698703578356815,-0.01043164033001176,False
50/200,8,4,50,0.002,0.005,-1.3820409040584194,986.1795909594158,307,0.8387978142076503,37.45928338762215,0.9806251749275192,-9.774874777302102,6.082586656650258,-3.7151972633091854,-0.04501761902470348,False
50/200,8,12,20,0.002,0.005,-1.7400333973138684,982.5996660268613,344,0.9398907103825137,38.372093023255815,0.9770549992853366,-8.20800435503204,5.613252629198862,-3.5771211369216416,-0.05058236620098323,False
20/50,8,8,20,0.002,0.005,-2.8992072771971835,971.0079272280282,348,0.9508196721311475,35.91954022988506,0.9636745164070452,-9.039698213981936,6.153018530183951,-3.5790107132061255,-0.08331055394244845,False
50/200,8,8,20,0.002,0.005,-3.259828141588275,967.4017185841172,332,0.907103825136612,37.04819277108434,0.9578530443133959,-8.38233793205396,6.023130410760747,-3.7006857509064783,-0.09818759462615081,False
20/50,8,8,50,0.002,0.005,-3.69240771988093,963.0759228011907,345,0.9426229508196722,37.391304347826086,0.9537216539853235,-8.500927199581009,5.8988011246612855,-3.6938399179634955,-0.10702631072118604,False
50/200,16,8,50,0.002,0.005,-3.339686679943975,966.6031332005603,297,0.8114754098360656,38.04713804713805,0.9539474573058991,-7.890383615639361,6.122067615174124,-3.9412527571419345,-0.11244736296107737,False
50/200,8,4,50,0.002,0.01,-3.631670398134247,963.6832960186575,307,0.8387978142076503,37.45928338762215,0.9739006190853083,-18.766365568097388,11.784007813016595,-7.24727917957422,-0.1182954527079537,False
50/200,8,4,20,0.002,0.005,-3.999286089714201,960.007139102858,329,0.8989071038251366,37.08206686930091,0.9460071599261506,-9.017638392400068,5.743556438114616,-3.578293460614129,-0.1215588477116768,False
50/200,8,12,20,0.002,0.01,-4.353916012998695,956.460839870013,344,0.9398907103825137,38.372093023255815,0.9709075765141986,-16.07173530481737,11.007890616289345,-7.059343025849911,-0.1265673259592667,False
20/50,8,12,20,0.002,0.005,-6.098295523356626,939.0170447664337,345,0.9426229508196722,37.68115942028986,0.9199944987243163,-8.215047926243287,5.394242841598601,-3.5452768587971377,-0.17676218908280142,False
20/50,8,8,20,0.002,0.01,-6.618696300430712,933.8130369956929,348,0.9508196721311475,35.91954022988506,0.9587355933427991,-17.668248795365756,12.302282259796804,-7.192700652371775,-0.19019242242616435,False
50/200,16,12,50,0.002,0.005,-5.729094426187692,942.7090557381231,294,0.8032786885245902,34.35374149659864,0.915272733460849,-11.167442015032895,6.127621561804167,-3.5035270570160497,-0.19486715735332208,False
50/200,8,8,20,0.002,0.01,-7.282388839341173,927.1761116065883,332,0.907103825136612,37.04819277108434,0.9528926399182263,-16.390408661664882,11.976335629560344,-7.396713736025533,-0.21934906142594612,False
20/50,16,4,20,0.002,0.005,-7.09146218078705,929.0853781921295,318,0.8688524590163934,37.10691823899371,0.9032028617970955,-8.669608983467576,5.607594113331664,-3.663053635905033,-0.22300195537066125,False
20/50,8,8,50,0.002,0.01,-8.157488288233845,918.4251171176616,345,0.9426229508196722,37.391304347826086,0.947609272899394,-16.39444007087527,11.437776994175302,-7.208556088569225,-0.23644893589083674,False
50/200,16,8,50,0.002,0.01,-7.410682494854267,925.8931750514573,297,0.8114754098360656,38.04713804713805,0.9480372740865832,-15.216538465086051,11.965015081917382,-7.750834397854383,-0.2495179291196708,False
50/200,16,4,20,0.002,0.005,-7.676965037572825,923.2303496242718,303,0.8278688524590164,37.95379537953795,0.8849684865270319,-8.137386682267822,5.135736041069512,-3.5498898675463963,-0.25336518275818054,False
50/200,16,8,20,0.002,0.005,-7.938757873916631,920.6124212608337,311,0.8497267759562842,36.33440514469453,0.8902116812737455,-9.43721294600364,5.696541522392232,-3.652003892775193,-0.2552655264924951,False
50/200,8,4,20,0.002,0.01,-8.68806285703191,913.1193714296809,329,0.8989071038251366,37.08206686930091,0.93985747247591,-17.419759187811916,11.12867467167237,-6.978642215045164,-0.26407485887635235,False
20/50,8,12,50,0.002,0.005,-10.93097897392288,890.6902102607712,337,0.9207650273224044,34.42136498516321,0.8556170512603444,-12.027544774443372,5.584246663365322,-3.4257122293647333,-0.32436139388495155,False
20/50,8,12,50,0.001,0.005,-16.237367664843713,837.6263233515629,465,1.2704918032786885,38.064516129032256,0.8434598694054452,-19.32191585990153,4.942891650756364,-3.6016163153899745,-0.3491907024697556,False
20/50,16,8,50,0.002,0.005,-11.401763105261137,885.9823689473886,319,0.8715846994535519,36.36363636363637,0.8487499286600946,-12.680873577548777,5.515668884432633,-3.713473998260083,-0.35742204091727736,False
20/50,8,12,20,0.002,0.01,-12.63444604961386,873.6555395038614,345,0.9426229508196722,37.68115942028986,0.9148428499301424,-16.14024528720754,10.440907122741201,-6.9007552858255545,-0.3662158275250378,False
20/50,16,12,20,0.002,0.005,-11.392655660360617,886.0734433963938,304,0.8306010928961749,34.868421052631575,0.8388944015931605,-14.150770413941865,5.596490483814585,-3.5714876155957205,-0.37475840988028497,False
20/50,16,8,20,0.002,0.005,-13.042298826035756,869.5770117396424,326,0.8907103825136612,35.58282208588957,0.8289499601262343,-13.144216901279771,5.448805335972512,-3.6308781296817605,-0.4000705161360682,False
50/200,16,4,50,0.002,0.005,-11.107737005235164,888.9226299476484,276,0.7540983606557377,35.14492753623188,0.8327584750616402,-11.107737005235164,5.702020792473094,-3.7104658487276034,-0.4024542393201117,False
50/200,16,12,50,0.002,0.01,-11.879403951269955,881.2059604873004,294,0.8032786885245902,34.35374149659864,0.9086365821145341,-21.338923677053494,11.697448891535924,-6.736976049522427,-0.4040613588867355,False
20/50,8,4,20,0.002,0.005,-13.835058078956433,861.6494192104357,336,0.9180327868852459,35.41666666666667,0.8145866004255147,-13.835058078956433,5.10775632530474,-3.438587942400133,-0.41175768092132375,False
20/50,16,4,20,0.001,0.005,-18.756237462544107,812.4376253745589,452,1.2349726775956285,37.610619469026545,0.8189520590571729,-21.69315067835969,4.990702595815079,-3.6736943826737765,-0.41496100580849893,False
20/50,8,4,50,0.002,0.005,-13.667070835821416,863.3292916417859,328,0.8961748633879781,34.756097560975604,0.8200201030527954,-14.217869345355611,5.462243978509593,-3.5484416911603183,-0.4166789888969954,False
20/50,16,4,50,0.002,0.005,-12.895585369059962,871.0441463094004,306,0.8360655737704918,35.294117647058826,0.8255052697664756,-13.356394293435562,5.648782325549536,-3.732446186110853,-0.42142435846600956,False
20/50,16,4,20,0.002,0.01,-14.439145171039113,855.6085482896088,318,0.8688524590163934,37.10691823899371,0.8982485473492443,-16.84756455670924,10.802278773978465,-7.095301735199245,-0.4540611689005979,False
50/200,16,12,20,0.002,0.005,-14.244204511035285,857.5579548896471,308,0.8415300546448088,32.467532467532465,0.8073143177012582,-15.235867766283413,5.968035667639578,-3.554065441703414,-0.46247417243620875,False
20/50,16,8,50,0.001,0.005,-22.36018804733923,776.3981195266077,440,1.2021857923497268,36.36363636363637,0.7713412688883567,-24.846645039086074,4.714267780517153,-3.4924454477004874,-0.5081860919849817,False
50/200,16,4,20,0.002,0.01,-15.441409946765077,845.5859005323492,303,0.8278688524590164,37.95379537953795,0.8788236344089526,-15.797596356895301,9.7380705808248,-6.778150086502676,-0.5096174899922479,False
50/200,16,8,20,0.002,0.01,-15.981417196372503,840.185828036275,311,0.8497267759562842,36.33440514469453,0.885446986696069,-18.15629455642737,10.931830569928447,-7.046015284674941,-0.5138719355746745,False
50/200,8,12,50,0.001,0.005,-23.43822054825913,765.6177945174087,455,1.2431693989071038,36.92307692307693,0.7766571457239182,-26.381516451344545,4.851462012684384,-3.6565429394200946,-0.515125726335364,False
20/50,16,12,20,0.001,0.005,-23.672810406686835,763.2718959331316,451,1.2322404371584699,34.368070953436806,0.7511211940138315,-24.23949998254336,4.609355700549503,-3.213439992067706,-0.5248960178866253,False
20/50,8,4,50,0.001,0.005,-23.762071809648923,762.3792819035108,451,1.2322404371584699,35.47671840354767,0.7624674311586759,-25.018988914653146,4.767189911074345,-3.4377013878638603,-0.5268752064223685,False
20/50,16,4,50,0.001,0.005,-23.890931996830865,761.0906800316914,451,1.2322404371584699,35.69844789356985,0.773066328717853,-25.790794668961954,5.055045101504438,-3.630246832105251,-0.5297324167811713,False
50/200,8,12,20,0.001,0.005,-24.746930179459035,752.5306982054096,467,1.2759562841530054,37.04496788008566,0.7630030110900554,-26.584511777141394,4.605307709860185,-3.551658284355112,-0.5299128518085462,False
20/50,16,12,50,0.002,0.005,-16.03173687721329,839.6826312278671,302,0.825136612021858,30.4635761589404,0.7654227203491532,-18.033679206481786,5.686016987637584,-3.254433007784718,-0.530852214477262,False
50/200,8,8,50,0.001,0.005,-24.14153781278678,758.5846218721322,450,1.2295081967213115,38.0,0.7535446551597971,-26.873977415123147,4.3165778059926,-3.510932555385671,-0.5364786180619278,False
50/200,8,4,50,0.001,0.005,-24.25311405680725,757.4688594319275,449,1.226775956284153,36.080178173719375,0.765549451018987,-27.63294799007267,4.888487285968751,-3.6044114316899294,-0.5401584422451493,False
20/50,8,8,50,0.001,0.005,-25.334089077864704,746.659109221353,454,1.2404371584699454,36.12334801762114,0.7552995486808445,-27.308212999828545,4.768105982182143,-3.570035420194894,-0.5580195832128806,False
20/50,8,12,20,0.001,0.005,-26.333326200687544,736.6667379931246,467,1.2759562841530054,36.61670235546038,0.7346622551707347,-28.199249114490254,4.263814503473074,-3.3528565611512575,-0.5638827880232903,False
20/50,16,4,20,0.0005,0.005,-27.84251807982822,721.5748192017178,487,1.330601092896175,36.96098562628337,0.7378108339798416,-30.588451888319707,4.352775728133258,-3.4590384751213947,-0.5717149503044797,False
50/200,16,8,50,0.001,0.005,-25.27605131218395,747.2394868781605,440,1.2021857923497268,36.36363636363637,0.741148616084722,-26.62995404657401,4.52318193328719,-3.4873915087421063,-0.5744557116405441,False
50/200,16,12,20,0.001,0.005,-27.49747518011525,725.0252481988475,449,1.226775956284153,34.96659242761693,0.7304241498250528,-27.906107067529717,4.745558227302136,-3.4932444982451614,-0.6124159282876429,False
20/50,16,12,50,0.001,0.005,-27.40719893883511,725.9280106116489,441,1.2049180327868851,32.6530612244898,0.7122088374610799,-29.39134870092876,4.710121009394099,-3.2064963459296334,-0.6214784339871902,False
20/50,8,8,20,0.001,0.005,-28.127621510974816,718.7237848902519,446,1.2185792349726776,34.97757847533632,0.71610054728524,-28.569705384197007,4.5479728296439275,-3.4164137121868996,-0.6306641594388972,False
20/50,8,12,50,0.002,0.01,-21.382571206602325,786.1742879339768,337,0.9207650273224044,34.42136498516321,0.851229102240462,-23.274532416468325,10.547035724461633,-6.503537810423408,-0.6344976619169843,False
50/200,16,4,20,0.001,0.005,-29.139219200984623,708.6078079901538,454,1.2404371584699454,34.801762114537446,0.7140407334348735,-30.94193425529921,4.605106055199258,-3.4425640159842175,-0.6418330220481182,False
20/50,8,4,20,0.001,0.005,-28.58723633454831,714.1276366545169,443,1.210382513661202,34.76297968397291,0.7056019876671968,-29.3809123205648,4.449143088335535,-3.3600013804469073,-0.6453100752719725,False
50/200,16,12,50,0.001,0.005,-28.230180834599594,717.6981916540041,436,1.1912568306010929,33.48623853211009,0.7127959438563667,-30.729007188561464,4.798830991699939,-3.389417700462715,-0.6474812118027438,False
50/200,8,4,50,0.0005,0.005,-31.3581326617116,686.418673382884,483,1.319672131147541,34.57556935817806,0.7055741105248134,-32.16746043997717,4.499874101161583,-3.370443992123736,-0.6492367010706338,False
20/50,8,4,50,0.0005,0.005,-31.625427254051385,683.7457274594861,481,1.314207650273224,33.471933471933475,0.6869171201960532,-32.80599531109955,4.309784412422279,-3.1566548841890665,-0.6574932901050193,False
20/50,8,12,50,0.001,0.01,-30.68369095772678,693.1630904227322,465,1.2704918032786885,38.064516129032256,0.8378360770722689,-35.61838464019504,8.956516880523328,-6.5699319355204775,-0.6598643216715451,False
20/50,8,4,20,0.0005,0.005,-32.15288246555682,678.4711753444318,479,1.3087431693989071,34.65553235908142,0.6841009261629224,-33.48038500452458,4.194533339726976,-3.2518254282755485,-0.6712501558571369,False
50/200,16,8,20,0.001,0.005,-30.01433528752227,699.8566471247773,444,1.2131147540983607,33.108108108108105,0.7026554253682468,-31.310827314063268,4.8249606977898845,-3.39869554023682,-0.6759985425117624,False
20/50,16,4,50,0.0005,0.005,-32.62271955286577,673.7728044713423,481,1.314207650273224,34.71933471933472,0.6845046402826451,-33.79130293098015,4.238255282747966,-3.2930440374126353,-0.6782270177310962,False
50/200,8,4,20,0.001,0.005,-30.538413410991016,694.6158658900898,447,1.221311475409836,34.675615212527966,0.6959015669296285,-31.241473183891404,4.508669526822753,-3.439136680710402,-0.6831859823487931,False
50/200,8,8,20,0.001,0.005,-30.83108816132219,691.6891183867781,450,1.2295081967213115,34.66666666666667,0.7006222828531172,-31.469851931056052,4.625180947618179,-3.502854113747137,-0.6851352924738278,False
20/50,8,12,50,0.0005,0.005,-33.267672351443174,667.3232764855683,485,1.325136612021858,33.608247422680414,0.6658911839005257,-35.216724559744435,4.0677114760704045,-3.0922785531487818,-0.6859313886895502,False
20/50,16,12,20,0.0005,0.005,-33.13675912337129,668.6324087662871,480,1.3114754098360655,32.916666666666664,0.665881245404396,-34.6030150561853,4.17973620484135,-3.0800183590020107,-0.690349148403571,False
20/50,16,8,50,0.002,0.01,-22.229700744609943,777.7029925539006,319,0.8715846994535519,36.36363636363637,0.8406235321136061,-24.16550817947199,10.107714644398424,-6.870896089637027,-0.6968558227150449,False
20/50,8,12,20,0.0005,0.005,-34.73129384461313,652.6870615538687,487,1.330601092896175,34.08624229979466,0.6478308565783065,-36.41009748208379,3.8487810288800475,-3.0723071315894694,-0.7131682514294286,False
20/50,8,8,20,0.0005,0.005,-35.00960644590181,649.9039355409819,481,1.314207650273224,34.303534303534306,0.6556315645513834,-35.17385283571115,4.039613370655616,-3.2171907298012483,-0.727850445860744,False
20/50,16,12,20,0.002,0.01,-22.14429828567804,778.5570171432196,304,0.8306010928961749,34.868421052631575,0.8354116413866124,-26.78506435333826,10.603700830527108,-6.795127630770979,-0.7284308646604619,False
50/200,16,4,20,0.0005,0.005,-36.21603420660393,637.8396579339607,484,1.3224043715846994,34.29752066115703,0.6481601305425583,-37.341106870484396,4.019111604762669,-3.2368958127567358,-0.7482651695579318,False
50/200,16,4,50,0.001,0.005,-32.44448731420255,675.5551268579745,432,1.180327868852459,33.101851851851855,0.6860558533499128,-34.41450918744708,4.958062101786847,-3.575943784420568,-0.7510297989398728,False
20/50,16,8,50,0.0005,0.005,-35.487166933924925,645.1283306607507,472,1.289617486338798,34.11016949152542,0.6325002390841906,-35.75161370676335,3.7935785984841797,-3.1049447707241233,-0.7518467570746808,False
20/50,16,8,20,0.001,0.005,-33.571383764701395,664.286162352986,439,1.1994535519125684,32.346241457858774,0.6474504290278479,-33.93332157568851,4.34177417096991,-3.2062147135513186,-0.764724003751741,False
20/50,16,8,20,0.002,0.01,-25.075209373154895,749.2479062684511,326,0.8907103825136612,35.58282208588957,0.8232028324798619,-25.246006559589425,10.065100877513558,-6.753827597729151,-0.7691782016305182,False
20/50,16,4,20,0.001,0.01,-34.77944092313873,652.2055907686128,452,1.2349726775956285,37.610619469026545,0.8162081709479735,-39.365883663496646,9.085491228561333,-6.71038268825112,-0.7694566575915694,False
50/200,8,12,50,0.0005,0.005,-37.21530769110719,627.8469230889281,479,1.3087431693989071,33.40292275574113,0.6357665315243008,-38.255112445589994,4.059938394287662,-3.202956802498741,-0.7769375300857464,False
50/200,16,8,50,0.0005,0.005,-37.51672180246758,624.8327819753242,481,1.314207650273224,33.88773388773389,0.6269506223560957,-37.51672180246758,3.868158814051431,-3.1625066186008177,-0.7799734262467293,False
50/200,8,8,50,0.0005,0.005,-37.97551171869655,620.2448828130345,486,1.3278688524590163,34.97942386831276,0.6317980084024136,-37.97551171869655,3.8330707248378544,-3.2638517101563282,-0.7813891300143303,False
50/200,16,4,50,0.002,0.01,-21.590537013491744,784.0946298650825,276,0.7540983606557377,35.14492753623188,0.8303750811355589,-21.590537013491744,10.896232593021965,-7.1108376070282,-0.7822658338221635,False
20/50,16,12,50,0.0005,0.005,-37.02562354438622,629.7437645561378,471,1.2868852459016393,31.422505307855626,0.6307620582453066,-39.218881578019946,4.273659390035593,-3.104513390616501,-0.7861066569933378,False
20/50,8,4,20,0.002,0.01,-26.41825327279505,735.8174672720495,336,0.9180327868852459,35.41666666666667,0.8080982760824607,-26.41825327279505,9.348510974166887,-6.34403381868115,-0.7862575378808037,False
50/200,8,12,20,0.0005,0.005,-38.3731949229443,616.268050770557,484,1.3224043715846994,33.057851239669425,0.6124880863969696,-39.2869762481965,3.790710024364695,-3.056313435579611,-0.7928346058459561,False
20/50,8,4,50,0.002,0.01,-26.15532088704357,738.4467911295643,328,0.8961748633879781,34.756097560975604,0.8119618495865499,-27.08053754541464,9.907061402204151,-6.499804713652846,-0.7974183197269384,False
50/200,16,4,50,0.0005,0.005,-38.63846036971671,613.6153963028329,478,1.3060109289617485,33.68200836820084,0.6375350307945928,-38.63846036971671,4.221161317436253,-3.362749450487076,-0.8083359909982561,False
20/50,16,4,50,0.002,0.01,-24.793252064826664,752.0674793517334,306,0.8360655737704918,35.294117647058826,0.8204555279990412,-25.573570556535824,10.490416894405644,-6.974230026485241,-0.8102369955825756,False
50/200,8,4,20,0.0005,0.005,-38.955339938963725,610.4466006103628,480,1.3114754098360655,32.5,0.6183563068855126,-40.180246148105375,4.045974162637647,-3.1503869406207095,-0.8115695820617437,False
50/200,16,12,20,0.0005,0.005,-39.57342630024573,604.2657369975427,481,1.314207650273224,31.600831600831604,0.609787937708443,-39.917653951666516,4.068536387956861,-3.0825282491547132,-0.8227323555144649,False
20/50,8,8,50,0.0005,0.005,-39.65265886735235,603.4734113264765,478,1.3060109289617485,33.054393305439326,0.6075139325497612,-40.258752771076914,3.8846082173694367,-3.157170896930919,-0.8295535327897975,False
50/200,8,8,20,0.0005,0.005,-41.32944818998563,586.7055181001438,488,1.3333333333333333,33.60655737704918,0.5947005157468963,-41.32944818998563,3.697754062128622,-3.1473029262004606,-0.8469149219259328,False
50/200,16,8,20,0.0005,0.005,-40.240419500438655,597.5958049956134,475,1.2978142076502732,30.94736842105263,0.5925457808590407,-40.240419500438655,3.9809640496985454,-3.010993628994126,-0.8471667263250255,False
20/50,16,8,20,0.0005,0.005,-39.62161629395632,603.7838370604368,466,1.273224043715847,31.115879828326182,0.5863795509649576,-39.98927695785278,3.87383394526571,-2.9841809501653898,-0.8502492766943395,False
50/200,16,12,50,0.0005,0.005,-40.81155836511169,591.8844163488831,473,1.2923497267759563,31.289640591966172,0.596873119799279,-42.0444660145525,4.082834033497022,-3.115000063411308,-0.8628236440826973,False
50/200,16,12,20,0.002,0.01,-27.10405192190161,728.9594807809839,308,0.8415300546448088,32.467532467532465,0.8040663518320068,-28.737004887887284,11.122875704342071,-6.6506158156405,-0.880001685776029,False
20/50,16,8,50,0.001,0.01,-40.40723474982385,595.9276525017615,440,1.2021857923497268,36.36363636363637,0.7649299174970827,-44.13204100249183,8.21794888102263,-6.1390863159352085,-0.9183462443141763,False
50/200,8,12,50,0.001,0.01,-42.05934560533721,579.406543946628,455,1.2431693989071038,36.92307692307693,0.7823575224824408,-46.28447452650851,8.999426436033122,-6.7334393634388086,-0.9243812220953265,False
20/50,16,12,20,0.001,0.01,-42.372507523707284,576.2749247629272,451,1.2322404371584699,34.368070953436806,0.7438173932997002,-43.2200538976655,7.93723349737143,-5.587825227465022,-0.9395234484192347,False
50/200,8,12,20,0.001,0.01,-44.021242184244954,559.7875781575505,467,1.2759562841530054,37.04496788008566,0.7665945770855904,-46.61774973107548,8.357396187553892,-6.415108715269641,-0.9426390189345847,False
20/50,8,4,50,0.001,0.01,-42.54753029062688,574.5246970937312,451,1.2322404371584699,35.47671840354767,0.757484510117338,-44.360415115437576,8.305937270875951,-6.028952804970527,-0.9434042193043705,False
20/50,16,4,50,0.001,0.01,-42.77210759083598,572.2789240916402,451,1.2322404371584699,35.69844789356985,0.7723970444644628,-45.55794324577905,9.015659074560116,-6.480145472112203,-0.9483837603289584,False
50/200,8,8,50,0.001,0.01,-43.08355166097898,569.1644833902102,450,1.2295081967213115,38.0,0.7527892736910463,-47.06662702755754,7.672227976433215,-6.246546597060461,-0.9574122591328644,False
50/200,8,4,50,0.001,0.01,-43.28867346684856,567.1132653315144,449,1.226775956284153,36.080178173719375,0.7687508824283806,-48.20472207248637,8.883105215562473,-6.522473099615344,-0.9641129948073125,False
20/50,8,8,50,0.001,0.01,-44.929746286725695,550.702537132743,454,1.2404371584699454,36.12334801762114,0.7487235976608368,-47.7563708706802,8.163190543295643,-6.1657265929922165,-0.9896419886943989,False
20/50,8,12,20,0.001,0.01,-46.360112196139745,536.3988780386026,467,1.2759562841530054,36.61670235546038,0.7240329547101441,-49.00778704177798,7.112945448875855,-5.67538781661881,-0.9927218885683009,False
20/50,16,12,50,0.002,0.01,-30.04447983879795,699.5552016120205,302,0.825136612021858,30.4635761589404,0.7642211691399412,-33.25944600334467,10.585006178318277,-6.067930318063145,-0.9948503257880098,False
20/50,16,4,20,0.0005,0.01,-48.55735621509572,514.4264378490427,487,1.330601092896175,36.96098562628337,0.7342692125409035,-52.36364030966257,7.454112999946284,-5.9521625476915005,-0.9970709695091572,False
50/200,16,8,50,0.001,0.01,-44.78998918044815,552.1001081955185,440,1.2021857923497268,36.36363636363637,0.7367041060379941,-46.74031884555505,7.832672692427875,-6.075455437831931,-1.0179542995556383,False
50/200,16,12,20,0.001,0.01,-48.041025356519015,519.5897464348099,449,1.226775956284153,34.96659242761693,0.72965617501825,-48.620722543833686,8.258751977164769,-6.085733951986498,-1.0699560213033161,False
20/50,16,12,50,0.001,0.01,-47.86035087795407,521.3964912204593,441,1.2049180327868851,32.6530612244898,0.711151652003813,-50.63663575206954,8.182871312839602,-5.57891238326075,-1.085268727391248,False
20/50,8,8,20,0.001,0.01,-48.940778996371215,510.59221003628784,446,1.2185792349726776,34.97757847533632,0.7084201257646675,-49.55183242008363,7.6221874644551875,-5.7878242566162745,-1.0973268833267045,False
50/200,8,4,50,0.0005,0.01,-53.43756675145862,465.62433248541385,483,1.319672131147541,34.57556935817806,0.7092296075912203,-54.46381442490341,7.8048916475010826,-5.815799280529327,-1.106367841645107,False
50/200,16,4,20,0.001,0.01,-50.35309915046467,496.46900849535325,454,1.2404371584699454,34.801762114537446,0.7179730888698267,-52.82589803382093,8.113098230423498,-6.031758486187703,-1.1090991002305013,False
20/50,8,4,50,0.0005,0.01,-53.793625467503645,462.0637453249635,481,1.314207650273224,33.471933471933475,0.6769241237019075,-55.36700136026492,7.000682785117686,-5.203269322121827,-1.1183705918399942,False
20/50,8,4,20,0.001,0.01,-49.570576100733085,504.2942389926692,443,1.210382513661202,34.76297968397291,0.6981775071762834,-50.663535385395555,7.4459051035918895,-5.682958986022427,-1.1189746298133871,False
50/200,16,12,50,0.001,0.01,-49.0515273644256,509.484726355744,436,1.1912568306010929,33.48623853211009,0.7171314337792163,-52.509749976701336,8.517531516946901,-5.97956853489139,-1.1250350312941642,False
20/50,8,4,20,0.0005,0.01,-54.49027699294254,455.09723007057454,479,1.3087431693989071,34.65553235908142,0.6805018325856744,-56.238528598997995,6.991524038012575,-5.448868243576723,-1.1375840708338762,False
20/50,16,4,50,0.0005,0.01,-55.14283629995099,448.5716370004901,481,1.314207650273224,34.71933471933472,0.6752758808552495,-56.66704876159603,6.8665615934567015,-5.408102385690383,-1.1464207130966968,False
20/50,8,12,50,0.0005,0.01,-55.98052300015208,440.1947699984792,485,1.325136612021858,33.608247422680414,0.6541481440743404,-58.48064610609542,6.495840463367893,-5.026792625871075,-1.154237587632,False
50/200,16,8,20,0.001,0.01,-51.57643435460344,484.2356564539656,444,1.2131147540983607,33.108108108108105,0.704013256736728,-53.32072875153465,8.345311593434769,-5.86708803966648,-1.1616314043829585,False
20/50,16,12,20,0.0005,0.01,-55.79200544931684,442.0799455068315,480,1.3114754098360655,32.916666666666664,0.6572454152611816,-57.684412933706554,6.77109922517821,-5.055135813886108,-1.1623334468607696,False
50/200,8,4,20,0.001,0.01,-52.28777194618297,477.1222805381704,447,1.221311475409836,34.675615212527966,0.6986670745766447,-53.23447813105505,7.821537420980447,-5.942520615458215,-1.1697488131137128,False
50/200,8,8,20,0.001,0.01,-52.70418391233874,472.9581608766126,450,1.2295081967213115,34.66666666666667,0.7059315446947614,-53.54875904180535,8.110257499287519,-6.096061255143674,-1.17120408694086,False
20/50,8,12,20,0.0005,0.01,-57.88271266020634,421.1728733979367,487,1.330601092896175,34.08624229979466,0.6339021176080939,-59.98437934653985,6.037619974198927,-4.925458075760391,-1.1885567281356537,False
20/50,8,8,20,0.0005,0.01,-58.24090335994554,417.5909664005446,481,1.314207650273224,34.303534303534306,0.6491429155029433,-58.43732653779761,6.530617231280585,-5.253040749242886,-1.2108295916828593,False
50/200,16,4,20,0.0005,0.01,-59.78110464753772,402.1889535246228,484,1.3224043715846994,34.29752066115703,0.6459319979255178,-61.17112257904349,6.569857749899276,-5.309457336347976,-1.2351467902383817,False
20/50,16,8,50,0.0005,0.01,-58.84164714329434,411.5835285670567,472,1.289617486338798,34.11016949152542,0.6189942512911937,-59.16728563793184,5.937642321514023,-4.965842074587463,-1.2466450665952187,False
50/200,16,4,50,0.001,0.01,-54.875155103763475,451.2484489623653,432,1.180327868852459,33.101851851851855,0.6987519860703812,-57.451177498480796,8.900995597627174,-6.303093153973429,-1.2702582199945254,False
50/200,8,12,50,0.0005,0.01,-61.013438676786535,389.8656132321346,479,1.3087431693989071,33.40292275574113,0.6443022378143042,-62.25493174379994,6.907390777959951,-5.377169000756925,-1.2737669869892834,False
50/200,8,8,50,0.0005,0.01,-61.966090399448404,380.33909600551596,486,1.3278688524590163,34.97942386831276,0.6324395728937724,-61.966090399448404,6.271847126593103,-5.335047200997818,-1.2750224362026397,False
50/200,16,8,50,0.0005,0.01,-61.409675314887565,385.9032468511244,481,1.314207650273224,33.88773388773389,0.6172990823159217,-61.409675314887565,6.076945262468234,-5.0460340595320705,-1.27670842650494,False
20/50,16,8,20,0.001,0.01,-56.36472016690776,436.35279833092244,439,1.1994535519125684,32.346241457858774,0.6332780435832233,-56.824624905007006,6.854511806300442,-5.175043360820673,-1.2839344001573512,False
50/200,8,12,20,0.0005,0.01,-62.43492907394359,375.65070926056404,484,1.3224043715846994,33.057851239669425,0.6081997066209719,-63.499534224367025,6.057439559670431,-4.91833216137872,-1.2899778734285874,False
20/50,16,12,50,0.0005,0.01,-60.77496171752803,392.25038282471974,471,1.2868852459016393,31.422505307855626,0.6348311629361809,-63.433872338827854,7.138837685803339,-5.152624132118183,-1.2903388899687456,False
50/200,16,4,50,0.0005,0.01,-62.785638189979146,372.1436181002085,478,1.3060109289617485,33.68200836820084,0.6430882421125441,-62.785638189979146,7.026582519150931,-5.549325449473478,-1.3135070751041684,False
50/200,8,4,20,0.0005,0.01,-63.14665523492589,368.5334476507411,480,1.3114754098360655,32.5,0.6229517885634274,-64.58548345320058,6.6878004380595355,-5.169022903353537,-1.3155553173942882,False
50/200,16,12,20,0.0005,0.01,-63.90479240181403,360.9520759818597,481,1.314207650273224,31.600831600831604,0.6018792965716753,-64.29617855137232,6.356008691378288,-4.878909559597685,-1.3285819626156725,False
20/50,8,8,50,0.0005,0.01,-64.00346031780305,359.96539682196965,478,1.3060109289617485,33.054393305439326,0.5980852779377335,-64.7018772426732,6.028032223695563,-4.976449045381035,-1.3389845254770545,False
50/200,8,8,20,0.0005,0.01,-65.96712617702822,340.3287382297177,488,1.3333333333333333,33.60655737704918,0.5889410297932879,-65.96712617702822,5.763036870898385,-4.953115149992646,-1.3517853724800868,False
50/200,16,8,20,0.0005,0.01,-64.68358619093699,353.16413809063005,475,1.2978142076502732,30.94736842105263,0.5822969770150933,-64.68358619093699,6.134139841490111,-4.7212024957573675,-1.361759709282885,False
20/50,16,8,20,0.0005,0.01,-63.94276250163406,360.5723749836594,466,1.273224043715847,31.115879828326182,0.5704956957482209,-64.36725552485423,5.857445338782052,-4.637872894516319,-1.3721622854427913,False
50/200,16,12,50,0.0005,0.01,-65.35438628817676,346.45613711823233,473,1.2923497267759563,31.289640591966172,0.6018025380094942,-66.75612006292992,6.673728776196455,-5.0500176054118215,-1.3816994986929523,False
