ema,lorentzian_k,lorentzian_horizon,andean_length,min_atr_pct,risk,rr,exit_mode,m15_adx_min,require_m15_adx_rising,require_ema50_slope,use_h1_bias,session,min_hold_minutes,partial_pct,trail_type,profit_pct,final_balance,total_trades,trades_per_day,winrate,profit_factor,max_drawdown_pct,avg_win,avg_loss,expectancy,negative_months,signal_candidates,passes_robust_filter
50/200,8,8,50,0.002,0.005,2.0,fixed,20,True,False,False,all,0,0.0,none,7.7162026377480055,1077.16202637748,248,0.6775956284153005,39.91935483870967,1.099899475315465,-9.843594517687954,8.58140140920721,-5.183870557946538,0.3111372031349989,5,2128,False
50/200,8,8,50,0.002,0.005,2.0,fixed,20,True,False,True,all,0,0.0,none,2.6319810410295306,1026.3198104102953,244,0.6666666666666666,38.52459016393443,1.0347388270037399,-9.973181799492838,8.34008541949211,-5.050988126813086,0.10786807545203086,6,2078,False
50/200,8,8,50,0.002,0.005,1.5,fixed,20,True,False,False,all,0,0.0,none,1.4281667078176041,1014.281667078176,280,0.7650273224043715,45.714285714285715,1.0188624475549422,-8.457639948498588,6.026795366184325,-4.981237761798805,0.051005953850626284,5,2128,False
50/200,8,8,50,0.002,0.005,1.5,fixed,20,True,False,False,14_20,0,0.0,none,0.12533473509759005,1001.2533473509759,179,0.4890710382513661,44.6927374301676,1.0025511933042666,-6.588774521787437,6.1566526546875515,-4.962412778020477,0.007001940508250971,8,1009,False
50/200,8,8,50,0.002,0.005,0.0,trailing_only,20,True,False,False,all,15,0.0,ema20,-0.22622972171629954,997.737702782837,256,0.6994535519125683,30.859375,0.9968265895644373,-11.254583171644736,8.995305932104257,-4.02763540030169,-0.008837098504542062,7,2128,False
50/200,8,8,50,0.002,0.005,2.0,fixed,20,True,False,False,14_20,0,0.0,none,-0.2770219069564177,997.2297809304358,167,0.4562841530054645,37.12574850299401,0.9947437107298652,-8.053571808152595,8.45579351482748,-5.01932778084636,-0.016588138141101497,8,1009,False
50/200,8,8,50,0.002,0.005,1.5,fixed,20,True,False,True,all,0,0.0,none,-0.635908961220946,993.6409103877905,273,0.7459016393442623,45.05494505494506,0.9913755570940355,-9.307502708568355,5.942880384900666,-4.9155558463666145,-0.023293368542895123,5,2078,False
50/200,8,8,50,0.002,0.005,0.0,trailing_only,20,True,False,False,all,25,0.0,ema20,-1.1610688125537763,988.3893118744622,258,0.7049180327868853,31.3953488372093,0.9840281656750217,-11.432161089863378,8.831321055575417,-4.107049116537552,-0.045002667153247584,7,2128,False
50/200,8,8,50,0.002,0.005,0.0,trailing_only,20,True,False,True,all,25,0.0,ema20,-2.85297771459542,971.4702228540458,252,0.6885245901639344,31.349206349206348,0.9603004242473756,-12.126028057135768,8.735596044761373,-4.153999217815624,-0.11321340137283503,7,2078,False
50/200,8,8,50,0.002,0.005,0.0,trailing_only,20,True,False,True,all,15,0.0,ema20,-3.1400237910622084,968.5997620893779,250,0.6830601092896175,30.4,0.9554149216964863,-12.852372145054133,8.853639457460487,-4.04756802688287,-0.12560095164249013,7,2078,False
50/200,8,8,50,0.002,0.005,1.5,fixed,20,True,False,True,14_20,0,0.0,none,-2.290397818155054,977.0960218184495,173,0.4726775956284153,43.35260115606936,0.9524076592224912,-6.688649168344532,6.111326287774533,-4.910749487394291,-0.13239293746560973,8,990,False
50/200,8,8,50,0.002,0.005,2.0,fixed,20,True,False,True,14_20,0,0.0,none,-3.731176878657061,962.6882312134294,161,0.43989071038251365,35.40372670807454,0.9273356965186957,-8.354115789182677,8.35385330110047,-4.937321220666323,-0.2317501166867754,9,990,False
50/200,8,8,50,0.002,0.005,0.0,partial_trailing,20,True,False,False,all,15,0.3,ema20,-8.794022675118947,912.0597732488105,376,1.0273224043715847,52.92553191489362,0.8656285183651382,-12.489731863812775,2.8468130941885996,-3.6974917090097184,-0.23388358178507657,9,2128,False
50/200,8,8,50,0.002,0.005,0.0,trailing_only,20,True,False,False,all,25,0.0,prev_candle,-9.624299799379845,903.7570020062016,280,0.7650273224043715,36.42857142857142,0.8542470152456213,-15.40311127396631,5.530125460312902,-3.7096392974478323,-0.3437249928349932,8,2128,False
50/200,8,8,50,0.002,0.005,0.0,partial_trailing,20,True,False,True,all,15,0.3,ema20,-11.151744804405542,888.4825519559446,364,0.994535519125683,52.197802197802204,0.8281459220048032,-13.792384721349196,2.8283701623165696,-3.7293550510586444,-0.3063666155056483,9,2078,False
50/200,8,8,50,0.002,0.005,0.0,partial_trailing,20,True,False,False,all,25,0.3,ema20,-12.089699316432426,879.1030068356757,366,1.0,51.63934426229508,0.820429795402336,-14.717989700082413,2.922542545195046,-3.803714882520834,-0.330319653454437,9,2128,False
50/200,8,8,50,0.002,0.005,0.0,trailing_only,20,True,False,False,14_20,15,0.0,ema20,-9.084875710630934,909.1512428936907,167,0.4562841530054645,26.94610778443114,0.8195226908228438,-13.702106818628938,9.167371937979727,-4.1260696255360445,-0.5440045335707167,10,1009,False
50/200,8,8,50,0.002,0.005,0.0,trailing_only,20,True,False,False,all,15,0.0,prev_candle,-11.700696641446802,882.993033585532,286,0.7814207650273224,35.66433566433567,0.8095060346040872,-13.260552866847911,4.874728317785141,-3.338202471894303,-0.40911526718345265,8,2128,False
50/200,8,8,50,0.002,0.005,0.0,trailing_only,20,True,False,False,14_20,25,0.0,ema20,-10.037052944832068,899.6294705516793,167,0.4562841530054645,27.54491017964072,0.8046639685994094,-14.043105754708865,8.98836247968663,-4.246571929866994,-0.6010211344210856,10,1009,False
50/200,8,8,50,0.002,0.005,0.0,partial_trailing,20,True,False,True,all,25,0.3,ema20,-13.365925581115118,866.3407441888488,355,0.9699453551912568,51.267605633802816,0.7996401002839627,-15.883856070785912,2.930970248493473,-3.856045323913085,-0.37650494594690603,10,2078,False
50/200,8,8,50,0.002,0.005,0.0,trailing_only,20,True,False,True,14_20,15,0.0,ema20,-10.156915790478548,898.4308420952145,162,0.4426229508196721,26.543209876543212,0.7950842477559721,-14.69181968871145,9.164973230896061,-4.165235351540474,-0.6269701105233688,9,990,False
50/200,8,8,50,0.002,0.005,0.0,trailing_only,20,True,False,True,all,25,0.0,prev_candle,-13.58158832711173,864.1841167288827,271,0.7404371584699454,35.05535055350554,0.7886202229581434,-16.224484679845304,5.333734960758738,-3.6506858212681697,-0.501165620926634,10,2078,False
50/200,8,8,50,0.002,0.005,0.0,trailing_only,20,True,False,True,14_20,25,0.0,ema20,-10.725470708354989,892.7452929164501,162,0.4426229508196721,27.160493827160494,0.7867878127863737,-15.028907856830806,8.995168093527447,-4.263068671175911,-0.6620660931083322,9,990,False
50/200,8,8,50,0.002,0.005,0.0,partial_trailing,20,True,False,False,all,15,0.5,ema20,-14.140602297035365,858.5939770296463,376,1.0273224043715847,52.92553191489362,0.7710971849447679,-15.92633226531549,2.39371706272674,-3.490145301994206,-0.37607984832540764,9,2128,False
50/200,8,8,50,0.002,0.005,0.0,trailing_only,20,True,False,True,all,15,0.0,prev_candle,-14.20576141758968,857.9423858241032,278,0.7595628415300546,35.25179856115108,0.7605633529572551,-15.721364282687006,4.604507811810905,-3.2961076651853674,-0.510998612143516,10,2078,False
50/200,8,8,50,0.002,0.005,0.0,partial_trailing,20,True,False,True,all,15,0.5,ema20,-16.16654712939268,838.3345287060732,364,0.994535519125683,52.197802197802204,0.7367007119358582,-17.910140878481787,2.380702217403894,-3.5287292678199247,-0.44413591014815124,10,2078,False
50/200,8,8,50,0.002,0.005,0.0,partial_trailing,20,True,False,False,14_20,15,0.3,ema20,-13.840903454147996,861.59096545852,235,0.6420765027322405,48.08510638297872,0.7075665833264279,-14.304660439754976,2.9636458934859493,-3.879516561519612,-0.5889746150701295,10,1009,False
50/200,8,8,50,0.002,0.005,0.0,partial_trailing,20,True,False,False,all,25,0.5,ema20,-18.738124660387783,812.6187533961222,366,1.0,51.63934426229508,0.707226399802917,-20.308143847295774,2.394919225901419,-3.6159377418036405,-0.5119706191362735,11,2128,False
50/200,8,8,50,0.002,0.005,0.0,partial_trailing,20,True,False,False,all,25,0.3,prev_candle,-18.803312629436594,811.966873705634,376,1.0273224043715847,52.659574468085104,0.7022894861781014,-19.751458175505736,2.2402225835120375,-3.5482988642120756,-0.5000881018467183,9,2128,False
50/200,8,8,50,0.002,0.005,0.0,trailing_only,20,True,False,False,14_20,15,0.0,prev_candle,-14.319056958257681,856.8094304174232,194,0.5300546448087432,34.5360824742268,0.6938446454743247,-15.493872189766957,4.843507711969341,-3.682721151846636,-0.7380957194978192,8,1009,False
50/200,8,8,50,0.002,0.005,0.0,partial_trailing,20,True,False,True,14_20,15,0.3,ema20,-14.434820181574217,855.6517981842578,228,0.6229508196721312,47.80701754385965,0.6904140537946419,-15.26761903779525,2.9533387646022318,-3.918169135776348,-0.6331061483146585,9,990,False
50/200,8,8,50,0.002,0.005,0.0,partial_trailing,20,True,False,True,all,25,0.5,ema20,-19.775657198046677,802.2434280195332,355,0.9699453551912568,51.267605633802816,0.688615028582213,-21.325630748740178,2.402914874408571,-3.6710235787446663,-0.5570607661421617,11,2078,False
50/200,8,8,50,0.002,0.005,0.0,partial_trailing,20,True,False,False,all,15,0.3,prev_candle,-18.523791700091603,814.762082999084,386,1.0546448087431695,52.331606217616574,0.6875784075183351,-19.68067298581507,2.018179113623856,-3.222337488874645,-0.4798909766863103,9,2128,False
50/200,8,8,50,0.002,0.005,0.0,trailing_only,20,True,False,True,14_20,15,0.0,prev_candle,-14.33537435599451,856.6462564400549,188,0.5136612021857924,34.57446808510639,0.6858050902897153,-15.509965851317917,4.813901964237128,-3.7094095222386887,-0.7625199125529012,8,990,False
50/200,8,8,50,0.002,0.005,0.0,partial_trailing,20,True,False,False,14_20,25,0.3,ema20,-15.50151690560366,844.9848309439634,230,0.6284153005464481,47.391304347826086,0.6807779306686169,-15.956335530441104,3.0329151480071714,-4.01324727428776,-0.6739789958958142,10,1009,False
50/200,8,8,50,0.002,0.005,0.0,partial_trailing,20,True,False,True,14_20,25,0.3,ema20,-15.732477969536616,842.6752203046339,223,0.6092896174863388,47.08520179372198,0.6692021069830459,-16.552646829258208,3.0311148913482473,-4.03043934988926,-0.7054922856294471,9,990,False
50/200,8,8,50,0.002,0.005,0.0,trailing_only,20,True,False,False,14_20,25,0.0,prev_candle,-16.70136509079039,832.9863490920961,189,0.5163934426229508,32.804232804232804,0.6671591451831881,-18.16483173219513,5.399494400475653,-3.9510417617117626,-0.8836701106238273,9,1009,False
50/200,8,8,50,0.002,0.005,0.0,trailing_only,20,True,False,True,14_20,25,0.0,prev_candle,-16.8643892795567,831.356107204433,183,0.5,32.78688524590164,0.6540058326546123,-18.379106114109636,5.312906976443301,-3.962750499041994,-0.9215513267517332,8,990,False
50/200,8,8,50,0.002,0.005,0.0,partial_trailing,20,True,False,True,all,15,0.3,prev_candle,-19.921643429873892,800.7835657012611,375,1.0245901639344261,52.0,0.6538879295138885,-21.058676608522358,1.930088070203504,-3.1976867110467917,-0.5312438247966379,10,2078,False
50/200,8,8,50,0.002,0.005,0.0,partial_trailing,20,True,False,True,all,25,0.3,prev_candle,-21.47797485915854,785.2202514084146,360,0.9836065573770492,51.11111111111111,0.6520679380457334,-22.394887984762345,2.18763016130369,-3.5074073765424076,-0.5966104127544024,11,2078,False
50/200,8,8,50,0.002,0.005,0.0,partial_trailing,20,True,False,False,14_20,15,0.5,ema20,-16.903503365668733,830.9649663433127,235,0.6420765027322405,48.08510638297872,0.6277551379374807,-17.15020736690071,2.5226665279102547,-3.722101240250381,-0.7192980155603731,10,1009,False
50/200,8,8,50,0.002,0.005,0.0,partial_trailing,20,True,False,True,14_20,15,0.5,ema20,-17.20330864273078,827.9669135726922,228,0.6229508196721312,47.80701754385965,0.6155246577272808,-17.703874787839297,2.5267509996319584,-3.760075171320932,-0.754531080821524,10,990,False
50/200,8,8,50,0.002,0.005,0.0,partial_trailing,20,True,False,False,all,15,0.5,prev_candle,-22.7953958477588,772.046041522412,386,1.0546448087431695,52.331606217616574,0.6064956955641753,-23.71249221662851,1.7392980272337701,-3.1483269564065735,-0.590554296574062,10,2128,False
50/200,8,8,50,0.002,0.005,0.0,partial_trailing,20,True,False,False,all,25,0.5,prev_candle,-24.41750064732213,755.8249935267787,376,1.0273224043715847,52.659574468085104,0.6019976262686251,-24.92862487626316,1.8652847267828916,-3.4466369796417604,-0.6494016129606935,11,2128,False
50/200,8,8,50,0.002,0.005,0.0,partial_trailing,20,True,False,False,14_20,15,0.3,prev_candle,-18.2807493353258,817.192506646742,257,0.7021857923497268,50.583657587548636,0.5971703732686044,-18.703150588373596,2.084622835710738,-3.573294976343732,-0.7113132037091751,10,1009,False
50/200,8,8,50,0.002,0.005,0.0,partial_trailing,20,True,False,False,14_20,25,0.5,ema20,-18.98836270333402,810.1163729666598,230,0.6284153005464481,47.391304347826086,0.5938881588039991,-19.22887699547547,2.547534266832769,-3.86417241419928,-0.8255809871014831,10,1009,False
50/200,8,8,50,0.002,0.005,0.0,partial_trailing,20,True,False,True,14_20,15,0.3,prev_candle,-18.05829255067372,819.4170744932628,249,0.680327868852459,50.602409638554214,0.5924593565695397,-18.481843667723222,2.0835012969620506,-3.602472267674429,-0.7252326325571743,10,990,False
50/200,8,8,50,0.002,0.005,0.0,partial_trailing,20,True,False,True,14_20,25,0.5,ema20,-18.942527564858494,810.5747243514151,223,0.6092896174863388,47.08520179372198,0.5864217408545473,-19.432578868165013,2.558002654736089,-3.8814877491175803,-0.849440697975718,10,990,False
50/200,8,8,50,0.002,0.005,0.0,partial_trailing,20,True,False,True,all,15,0.5,prev_candle,-23.53600237733988,764.6399762266012,375,1.0245901639344261,52.0,0.5828350233934367,-24.444301245509994,1.6863040745335802,-3.13438510170804,-0.6276267300623977,10,2078,False
50/200,8,8,50,0.002,0.005,0.0,partial_trailing,20,True,False,True,all,25,0.5,prev_candle,-26.354245333791788,736.4575466620821,360,0.9836065573770492,51.11111111111111,0.5617252897449134,-26.852272388876358,1.8357364324818497,-3.416579300651008,-0.7320623703831028,11,2078,False
50/200,8,8,50,0.002,0.005,0.0,partial_trailing,20,True,False,False,14_20,25,0.3,prev_candle,-21.510009226869293,784.899907731307,244,0.6666666666666666,47.950819672131146,0.5579521796668246,-22.14911651066184,2.320504740546136,-3.8314893457684382,-0.8815577551995645,10,1009,False
50/200,8,8,50,0.002,0.005,0.0,partial_trailing,20,True,False,True,14_20,25,0.3,prev_candle,-21.294992065762667,787.0500793423734,236,0.644808743169399,47.88135593220339,0.5500071990610664,-21.935850133731,2.3033601410148137,-3.8473952568479777,-0.9023301722780817,10,990,False
50/200,8,8,50,0.002,0.005,0.0,partial_trailing,20,True,False,False,14_20,15,0.5,prev_candle,-20.82819797797158,791.7180202202842,257,0.7021857923497268,50.583657587548636,0.5317457775252401,-20.858854955376316,1.819410482049071,-3.5024042712290906,-0.8104357189872191,10,1009,False
50/200,8,8,50,0.002,0.005,0.0,partial_trailing,20,True,False,True,14_20,15,0.5,prev_candle,-20.458210582723325,795.4178941727668,249,0.680327868852459,50.602409638554214,0.529228388814678,-20.489010826984778,1.825281979741252,-3.5330702054848073,-0.8216148828402953,10,990,False
50/200,8,8,50,0.002,0.005,0.0,partial_trailing,20,True,False,False,14_20,25,0.5,prev_candle,-24.56939382235354,754.3060617764646,244,0.6666666666666666,47.950819672131146,0.4846953483573929,-24.77730899488003,1.9752104239953059,-3.754279982921154,-1.0069423697685893,10,1009,False
50/200,8,8,50,0.002,0.005,0.0,partial_trailing,20,True,False,True,14_20,25,0.5,prev_candle,-24.12509119287638,758.7490880712362,236,0.644808743169399,47.88135593220339,0.4801132574881673,-24.334231030860863,1.9716302639861478,-3.7727246484487704,-1.0222496268167967,10,990,False
