ema,lorentzian_k,lorentzian_horizon,andean_length,min_atr_pct,risk,rr,exit_mode,m15_adx_min,require_ema50_slope,session,profit_pct,final_balance,total_trades,trades_per_day,winrate,profit_factor,max_drawdown_pct,avg_win,avg_loss,expectancy,negative_months,signal_candidates,passes_robust_filter
50/200,8,8,50,0.002,0.005,1.5,be_1_2,20,False,14_20,8.251320769639074,1082.5132076963907,239,0.6530054644808743,43.93305439330544,1.140391827705113,-5.087219691705359,6.383317406164718,-4.386082984708239,0.34524354684682557,6,1694,False
50/200,8,8,50,0.002,0.005,2.5,fixed,25,False,14_20,7.257078637870632,1072.5707863787063,189,0.5163934426229508,34.39153439153439,1.1104401889782585,-6.166275357546942,11.225779378686141,-5.299232848676554,0.38397241470215104,6,1509,False
50/200,8,8,50,0.002,0.005,1.5,fixed,20,False,14_20,6.933269091045759,1069.3326909104576,241,0.6584699453551912,47.30290456431535,1.1068687354878457,-8.238022969897555,6.299102201497102,-5.1083855122851345,0.2876875141512763,6,1694,False
50/200,8,8,50,0.002,0.005,1.5,be_1_2,25,False,14_20,5.385921074968541,1053.8592107496854,215,0.587431693989071,42.7906976744186,1.1030406384654898,-4.81472859726858,6.266934126493163,-4.249583161688489,0.2505079569752879,6,1509,False
50/200,8,8,50,0.002,0.005,2.5,fixed,25,True,all,7.534809757972654,1075.3480975797265,239,0.6530054644808743,34.30962343096235,1.0939848190796613,-11.748445514739615,10.695769249049144,-5.1064011518618,0.3152640066097368,5,2848,False
50/200,8,8,50,0.002,0.005,1.5,fixed,25,False,14_20,5.348192841165064,1053.4819284116506,217,0.592896174863388,47.004608294930875,1.0915019579254273,-6.178596098052384,6.254621287321633,-5.0825168947404995,0.2464604995928533,6,1509,False
50/200,8,8,50,0.002,0.005,2.0,fixed,20,False,all,7.510816632717092,1075.108166327171,283,0.773224043715847,39.57597173144876,1.0837613220844646,-8.338044668712413,8.676793478309914,-5.243816978032393,0.26539988101473944,5,3475,False
50/200,8,8,50,0.002,0.005,1.5,be_1_2,18,False,14_20,5.088868946557909,1050.888689465579,245,0.6693989071038251,43.26530612244898,1.0820146840935416,-5.164824222080713,6.333691989911962,-4.463904039317185,0.20770893659420084,5,1783,False
50/200,8,8,50,0.002,0.005,1.5,partial_1r,20,False,14_20,3.9318433741140324,1039.3184337411403,375,1.0245901639344261,61.86666666666667,1.0719724050380437,-5.004222006313896,2.5242119290755975,-3.8202708657650217,0.10484915664304147,6,1694,False
50/200,8,8,50,0.002,0.005,1.5,be_1_no_lock,20,False,14_20,3.33733793672609,1033.373379367261,239,0.6530054644808743,38.912133891213394,1.0619760470079833,-6.225963428634521,6.149050866321341,-3.6882763780864622,0.1396375705743148,7,1694,False
50/200,8,8,50,0.002,0.005,1.5,be_1_no_lock,20,False,all,3.8269309971854,1038.269309971854,316,0.8633879781420765,39.24050632911392,1.0532872962291897,-6.65249785503773,6.100312844802185,-3.740466056164669,0.12110541130333724,4,3475,False
50/200,8,8,50,0.002,0.005,2.5,be_1_2,25,False,14_20,2.5059182689283945,1025.059182689284,188,0.5136612021857924,23.93617021276596,1.0529101016189906,-6.135319895095025,11.08171776676524,-3.312014802903155,0.13329352494300303,5,1509,False
50/200,8,8,50,0.002,0.005,1.5,fixed,18,False,14_20,3.5505352787021818,1035.5053527870218,247,0.674863387978142,46.15384615384615,1.0524434250466606,-6.670898083468035,6.250239982739954,-5.090391016882191,0.14374636755879877,6,1783,False
50/200,8,8,50,0.002,0.005,2.5,fixed,25,False,all,4.554058799400195,1045.540587994002,265,0.7240437158469946,33.58490566037736,1.0491632127582817,-9.98221959295952,10.919718067073788,-5.263149545315712,0.17185127544906353,7,3133,False
50/200,8,8,50,0.002,0.005,1.5,partial_1r,25,False,14_20,2.258583452380253,1022.5858345238025,337,0.9207650273224044,60.83086053412463,1.0463350577216746,-5.023050143326385,2.4879597449401123,-3.692772069613031,0.06702028048606211,6,1509,False
50/200,8,8,50,0.002,0.005,2.5,fixed,25,True,14_20,2.5538811814287783,1025.5388118142878,167,0.4562841530054645,32.93413173652694,1.0452985972752862,-9.340068068701687,10.715035452149525,-5.03382266119585,0.15292701685202809,6,1354,False
50/200,8,8,50,0.002,0.005,1.5,fixed,20,False,all,3.924696713453795,1039.246967134538,325,0.8879781420765027,46.15384615384615,1.0441826038903486,-7.1379261579575735,6.183580071325052,-5.075943106081254,0.1207598988755028,4,3475,False
50/200,8,8,50,0.002,0.005,1.5,be_1_2,20,False,all,3.5235071284672586,1035.2350712846726,320,0.8743169398907104,42.5,1.0439309612029952,-5.829477849960594,6.156548691770813,-4.358997558674769,0.11010959776460325,4,3475,False
50/200,8,8,50,0.002,0.005,2.5,partial_1r,25,False,14_20,1.7711250290692988,1017.711250290693,305,0.8333333333333334,50.49180327868853,1.0408654951986611,-5.7516842421353465,2.929316821299579,-2.8702221204598732,0.058069673084243593,6,1509,False
50/200,8,8,50,0.002,0.005,2.0,fixed,25,True,all,3.083869057262973,1030.8386905726297,259,0.7076502732240437,38.61003861003861,1.0381350449121898,-7.688155550104635,8.395093147619866,-5.085978768486522,0.11906830336922632,5,2848,False
50/200,8,8,50,0.002,0.005,1.5,be_1_no_lock,25,False,14_20,1.4738470379050115,1014.7384703790501,216,0.5901639344262295,37.96296296296296,1.0305688113634761,-5.189106468966534,6.059502983425704,-3.5980654795660945,0.06823365916227325,7,1509,False
50/200,8,8,50,0.002,0.005,2.0,partial_1r,20,False,all,1.9531705202953504,1019.5317052029535,449,1.226775956284153,54.12026726057907,1.0303249540973654,-5.464508375349133,2.730913556935126,-3.1266033453023367,0.04350045702216993,5,3475,False
50/200,8,8,50,0.002,0.005,2.5,partial_1r,20,False,all,1.716010681407363,1017.1601068140736,431,1.1775956284153006,51.27610208816705,1.0275295989102187,-5.315858243709732,2.898158745318038,-2.9682522661962523,0.03981463297928863,5,3475,False
50/200,8,8,50,0.002,0.005,1.5,partial_1r,20,False,all,1.991076818460465,1019.9107681846046,489,1.3360655737704918,60.940695296523515,1.0274065119324423,-6.20820082735174,2.504726440117874,-3.803652937018434,0.04071731735093161,5,3475,False
50/200,8,8,50,0.002,0.005,1.5,fixed,25,False,all,2.0804614368221794,1020.8046143682218,305,0.8333333333333334,45.90163934426229,1.0248204528938467,-7.906191569742628,6.1357791179913574,-5.080027043336786,0.06821185038760759,7,3133,False
50/200,8,8,50,0.002,0.005,1.5,partial_1r,18,False,14_20,1.3902907932637505,1013.9029079326375,386,1.0546448087431695,61.398963730569946,1.0241083093466725,-5.4792008962823955,2.4919334236086264,-3.8703712312926517,0.03601789619854747,5,1783,False
50/200,8,8,50,0.002,0.005,1.5,be_1_2,25,False,all,1.7792689401275312,1017.7926894012753,299,0.8169398907103825,42.14046822742475,1.0237264816150724,-7.176175864502129,6.092866302585724,-4.334731009968367,0.059507322412286685,7,3133,False
50/200,8,8,50,0.002,0.005,1.5,be_1_no_lock,18,False,14_20,1.3358458010686378,1013.3584580106864,247,0.674863387978142,38.46153846153847,1.023467942453288,-5.537825115460755,6.1324208822349835,-3.744878459221302,0.054082825954192636,7,1783,False
50/200,8,8,50,0.002,0.005,2.0,fixed,25,False,all,1.9438191057938525,1019.4381910579385,276,0.7540983606557377,38.405797101449274,1.0220947396091133,-7.608871580224304,8.483054294832588,-5.175091554084213,0.07042822847079011,7,3133,False
50/200,8,8,50,0.002,0.005,2.5,be_1_2,20,False,14_20,1.136420038947324,1011.3642003894732,203,0.5546448087431693,23.645320197044335,1.0219126671816103,-6.679917745237714,11.041197687681139,-3.3458921846401366,0.05598128270676585,7,1694,False
50/200,8,8,50,0.002,0.005,1.5,be_1_no_lock,25,False,all,1.3328075955774012,1013.328075955774,296,0.8087431693989071,38.513513513513516,1.0197890498141928,-5.632579935105196,6.0248745761749,-3.700591350154754,0.04502728363436974,7,3133,False
50/200,8,8,50,0.002,0.005,2.0,partial_1r,18,False,all,1.2842009340564233,1012.8420093405642,460,1.2568306010928962,54.347826086956516,1.0190338714411207,-5.19236383227974,2.750137834203332,-3.2128211867155705,0.02791741160991977,5,3634,False
50/200,8,8,50,0.002,0.005,2.0,be_1_2,25,True,all,1.2434634689048267,1012.4346346890483,259,0.7076502732240437,31.27413127413127,1.019014958833574,-7.123183863930087,8.226842478496213,-3.6738180116244097,0.04801017254458834,6,2848,False
50/200,8,8,50,0.002,0.005,2.0,fixed,25,True,14_20,0.9687275653303801,1009.6872756533038,178,0.48633879781420764,37.640449438202246,1.0175482275244478,-6.549136137066314,8.383948474371186,-4.973308757924002,0.0544228969286807,6,1354,False
50/200,8,8,50,0.002,0.005,2.5,be_1_no_lock,20,False,all,1.0377718498229456,1010.3777184982295,272,0.7431693989071039,22.426470588235293,1.016402989717596,-7.095504151285765,10.541804847922855,-2.998447285426846,0.038153376831726774,6,3475,False
50/200,8,8,50,0.002,0.005,2.5,fixed,20,False,all,1.469097705732247,1014.6909770573225,270,0.7377049180327869,32.592592592592595,1.0157851650481706,-11.259752018103661,10.74288055599729,-5.1136401751123115,0.0544110261382259,6,3475,False
50/200,8,8,50,0.002,0.005,2.0,fixed,25,False,14_20,0.9418554162626948,1009.418554162627,199,0.5437158469945356,37.68844221105528,1.0150041661122455,-5.961923176108419,8.495304252880716,-5.062332780672786,0.04732941790265483,6,1509,False
50/200,8,8,50,0.002,0.005,2.5,partial_1r,20,False,14_20,0.6517563168358947,1006.517563168359,329,0.8989071038251366,50.15197568389058,1.0137003875870472,-6.392312830211104,2.922658438591223,-2.9007382877999666,0.019810222396222793,6,1694,False
50/200,8,8,50,0.002,0.005,2.5,fixed,20,False,14_20,0.9096883786567105,1009.0968837865671,202,0.5519125683060109,32.17821782178218,1.0129767424735596,-7.594626741142292,10.924789511877458,-5.116893682375684,0.04503407815131667,6,1694,False
50/200,8,8,50,0.002,0.005,2.0,fixed,20,False,14_20,0.7463894980513714,1007.4638949805137,216,0.5901639344262295,37.5,1.0108235455483352,-7.659253097857708,8.605701970843802,-5.108133071539515,0.03455506935422806,7,1694,False
50/200,8,8,50,0.002,0.005,2.0,fixed,18,False,all,0.9106937990478968,1009.106937990479,287,0.7841530054644809,37.97909407665505,1.0099613267668586,-7.675573425144573,8.47097575952376,-5.136120335941631,0.03173149125602626,6,3634,False
50/200,8,8,50,0.002,0.005,1.5,be_1_no_lock,18,False,all,0.7391673367649446,1007.3916733676494,324,0.8852459016393442,38.88888888888889,1.0097767587391404,-6.585212048911051,6.059024307392654,-3.8184110573930545,0.02281380669027677,6,3634,False
50/200,8,8,50,0.002,0.005,2.5,partial_1r,18,False,all,0.5061494801763388,1005.0614948017634,439,1.1994535519125684,51.025056947608206,1.0078684384289203,-5.626760236137629,2.8943168398411645,-2.9919324526635234,0.01152960091517856,6,3634,False
50/200,8,8,50,0.002,0.005,2.0,be_1_no_lock,18,False,all,0.41760620725323183,1004.1760620725323,294,0.8032786885245902,27.89115646258503,1.0062034334984096,-6.50824229756234,8.2605080167396,-3.17540375141564,0.01420429276371266,6,3634,False
50/200,8,8,50,0.002,0.005,2.5,be_1_2,25,True,all,0.2504130658586746,1002.5041306585867,243,0.6639344262295082,24.279835390946502,1.004113312822513,-7.66913791716254,10.36086367639406,-3.30862405569926,0.010305064438623905,5,2848,False
50/200,8,8,50,0.002,0.005,2.5,be_1_2,20,False,all,0.1270058396318518,1001.2700583963185,271,0.7404371584699454,23.985239852398525,1.0018601633934217,-7.832007892164611,10.523648844340096,-3.314403478086346,0.0046865623480404905,5,3475,False
50/200,8,8,50,0.002,0.005,1.5,fixed,20,True,14_20,0.0649405779004951,1000.649405779005,211,0.5765027322404371,44.54976303317535,1.0011177675716512,-8.686252124226412,6.18759612495782,-4.965680598008805,0.0030777525071324693,6,1512,False
50/200,8,8,50,0.002,0.005,2.5,be_1_no_lock,18,False,all,-0.055772202721936996,999.4422779727806,278,0.7595628415300546,22.302158273381295,0.9991433471836496,-7.607783867179803,10.491777254342336,-3.0141107027613168,-0.002006194342516128,6,3634,False
50/200,8,8,50,0.002,0.005,1.5,be_1_2,20,True,14_20,-0.15832863504718941,998.4167136495281,211,0.5765027322404371,40.28436018957346,0.9970179191200901,-7.036731320878334,6.227648434644311,-4.213757169009831,-0.007503726779489267,6,1512,False
50/200,8,8,50,0.002,0.005,2.0,be_1_no_lock,25,True,all,-0.20559636645626822,997.9440363354373,259,0.7076502732240437,28.57142857142857,0.996579862705016,-8.156188449180615,8.095660407902193,-3.249377480266618,-0.007938083646957968,7,2848,False
50/200,8,8,50,0.002,0.005,2.0,be_1_no_lock,20,False,all,-0.27929287579552237,997.2070712420448,286,0.7814207650273224,27.27272727272727,0.9956387585168712,-6.776008504688846,8.174419388684115,-3.078834812862098,-0.009765485167676403,6,3475,False
50/200,8,8,50,0.002,0.005,1.5,fixed,25,True,14_20,-0.2688034258227958,997.311965741772,193,0.5273224043715847,44.559585492227974,0.9949223916874976,-6.1697858977884605,6.124439615594503,-4.947568609339771,-0.013927638643669355,6,1354,False
50/200,8,8,50,0.002,0.005,2.5,be_1_2,18,False,14_20,-0.28306596665748884,997.1693403334251,210,0.5737704918032787,23.809523809523807,0.9948803407310394,-7.5601617565346295,11.001387028429722,-3.4556250693003845,-0.013479331745597414,7,1783,False
50/200,8,8,50,0.002,0.005,2.5,be_1_2,25,True,14_20,-0.22647675525605562,997.7352324474394,169,0.46174863387978143,23.076923076923077,0.9946871975682369,-6.336276126742469,10.872311567243832,-3.279114759039002,-0.013400991435271245,7,1354,False
50/200,8,8,50,0.002,0.005,2.5,fixed,20,True,all,-0.4526162599606891,995.4738374003931,245,0.6693989071038251,31.83673469387755,0.994499102196548,-14.205897741992162,10.490745894476557,-4.926972109992686,-0.018474133059620892,6,3134,False
50/200,8,8,50,0.002,0.005,2.0,fixed,20,True,14_20,-0.3875845686370667,996.1241543136293,190,0.5191256830601093,36.84210526315789,0.9935035260318573,-9.317850731814296,8.467596366553314,-4.971729927875847,-0.020399187822998724,7,1512,False
50/200,8,8,50,0.002,0.005,2.5,be_1_2,18,False,all,-0.4537805078500128,995.4621949214999,276,0.7540983606557377,23.91304347826087,0.9934952137139815,-8.29284785270377,10.50109646545,-3.3219531990390476,-0.016441322748188044,5,3634,False
50/200,8,8,50,0.002,0.005,2.5,be_1_no_lock,25,False,14_20,-0.3309179202794553,996.6908207972054,191,0.5218579234972678,20.94240837696335,0.9923825367132783,-5.716779272118112,10.777773151308645,-2.8769543394380177,-0.017325545564370874,6,1509,False
50/200,8,8,50,0.002,0.005,2.0,partial_1r,20,False,14_20,-0.4050729527115209,995.9492704728848,345,0.9426229508196722,53.62318840579711,0.9921245033568687,-6.749492452502159,2.7583523539932293,-3.214661968849145,-0.011741245006132522,8,1694,False
50/200,8,8,50,0.002,0.005,1.5,be_1_2,18,False,all,-0.81262473624746,991.8737526375254,326,0.8907103825136612,41.717791411042946,0.9902852628587651,-9.664798491103392,6.090884886304455,-4.4025610099993715,-0.024927139148695793,5,3634,False
50/200,8,8,50,0.002,0.005,1.5,partial_1r,25,False,all,-0.730499323558513,992.6950067644149,457,1.2486338797814207,60.393873085339166,0.9893295119642805,-5.701172856938432,2.4539596490073996,-3.782308598683029,-0.015984667911566577,7,3133,False
50/200,8,8,50,0.002,0.005,2.0,partial_1r,25,False,14_20,-0.5978334928166646,994.0216650718334,316,0.8633879781420765,53.16455696202531,0.9870486050889286,-5.651222339156005,2.7120204095492824,-3.118903809003012,-0.01891878141824798,7,1509,False
50/200,8,8,50,0.002,0.005,1.5,fixed,18,False,all,-1.1851432894296408,988.1485671057036,330,0.9016393442622951,44.84848484848485,0.9870353627401185,-10.40370161012772,6.096512784095532,-5.022721565606788,-0.03591343301302011,5,3634,False
50/200,8,8,50,0.002,0.005,2.5,be_1_2,20,True,14_20,-0.6363318026917683,993.6366819730823,182,0.4972677595628415,23.626373626373624,0.9865214711756236,-6.8456373058854405,10.831266050203114,-3.3964586919831,-0.034963285862181316,6,1512,False
50/200,8,8,50,0.002,0.005,2.0,be_1_2,20,False,14_20,-0.7736123360498481,992.2638766395015,217,0.592896174863388,29.493087557603687,0.9860028451149562,-6.950835265493328,8.514944316203849,-3.612369670572186,-0.035650338066811706,7,1694,False
50/200,8,8,50,0.002,0.005,2.0,fixed,20,True,all,-1.3882440366689253,986.1175596333107,270,0.7377049180327869,37.03703703703704,0.9837243741386542,-9.634708445148386,8.39076486371691,-5.017405451402236,-0.05141644580255152,6,3134,False
50/200,8,8,50,0.002,0.005,2.0,be_1_2,25,False,14_20,-0.8186393269896372,991.8136067301036,199,0.5437158469945356,29.145728643216078,0.9834856265487795,-5.264004994224692,8.405634975057602,-3.515696608675444,-0.041137654622596255,6,1509,False
50/200,8,8,50,0.002,0.005,1.5,fixed,25,True,all,-1.3288382737164852,986.7116172628351,282,0.7704918032786885,44.680851063829785,0.9826788391863794,-6.644376496759799,5.983236830321629,-4.917796303574935,-0.047121924599874555,6,2848,False
50/200,8,8,50,0.002,0.005,1.5,partial_1r,18,False,all,-1.8746757390201652,981.2532426097983,497,1.3579234972677596,60.36217303822937,0.9753926255327598,-6.876160937865218,2.4769605733973843,-3.8671823827889154,-0.037719833783100544,6,3634,False
50/200,8,8,50,0.002,0.005,1.5,be_1_2,25,True,14_20,-1.2527951191949682,987.4720488080503,193,0.5273224043715847,39.37823834196891,0.9737340333583807,-6.573419784085971,6.111016010656478,-4.076625367537121,-0.06491166420699877,5,1354,False
50/200,8,8,50,0.002,0.005,2.5,be_1_2,20,True,all,-1.7020999043995628,982.9790009560044,252,0.6885245901639344,23.809523809523807,0.9735024810977475,-7.986153284267596,10.422349894480252,-3.3456353787125597,-0.06754364699998537,6,3134,False
50/200,8,8,50,0.002,0.005,2.0,be_1_no_lock,25,False,all,-1.7114802940673939,982.8851970593261,276,0.7540983606557377,27.536231884057973,0.9732345043707732,-7.3473868681113785,8.188427697769022,-3.1971765398556,-0.06201015558215319,7,3133,False
50/200,8,8,50,0.002,0.005,2.0,partial_1r,25,True,all,-1.7831848819573453,982.1681511804265,401,1.0956284153005464,54.11471321695761,0.9704509754534322,-6.203409726430962,2.698777568364652,-3.279709680188604,-0.04446845092163012,7,2848,False
50/200,8,8,50,0.002,0.005,2.0,be_1_no_lock,20,False,14_20,-1.5450033455640322,984.5499665443597,220,0.6010928961748634,26.81818181818182,0.9698334247403895,-6.764788572609265,8.418768196193145,-3.181101596466059,-0.0702274247983633,7,1694,False
50/200,8,8,50,0.002,0.005,2.5,fixed,18,False,14_20,-2.236534037489707,977.6346596251029,208,0.5683060109289617,31.25,0.9693420203156861,-8.657594871626866,10.87916748556336,-5.101477111444176,-0.1075256748793205,6,1783,False
50/200,8,8,50,0.002,0.005,2.5,partial_1r,25,False,all,-1.9294570521768035,980.705429478232,413,1.1284153005464481,50.363196125908,0.9684532589909401,-6.760238355000651,2.8477112155564126,-2.9835048944268374,-0.04671808843043081,6,3133,False
50/200,8,8,50,0.002,0.005,2.5,partial_1r,18,False,14_20,-1.6411135749916526,983.5888642500835,338,0.9234972677595629,49.70414201183432,0.9677185697016809,-7.481345687399885,2.9283680661001847,-2.990452769733819,-0.04855365606484667,7,1783,False
50/200,8,8,50,0.002,0.005,2.0,partial_1r,25,False,all,-2.0872211878116107,979.1277881218839,431,1.1775956284153006,53.82830626450116,0.96752835455373,-6.840028480943991,2.680648648360129,-3.230063810541048,-0.04842740574969514,7,3133,False
50/200,8,8,50,0.002,0.005,2.5,partial_1r,25,True,14_20,-1.2918115139668884,987.0818848603311,267,0.7295081967213115,49.43820224719101,0.9674334185427953,-5.409178699562889,2.9071947961771247,-2.938280209148516,-0.04838245370662631,7,1354,False
50/200,8,8,50,0.002,0.005,2.0,be_1_2,20,False,all,-2.3034953142884547,976.9650468571155,286,0.7814207650273224,29.02097902097902,0.967083852978332,-7.658966926127006,8.153881196835021,-3.447325578720152,-0.08054179420588804,6,3475,False
50/200,8,8,50,0.002,0.005,2.0,be_1_2,18,False,all,-2.4073425602942624,975.9265743970574,292,0.7978142076502732,29.45205479452055,0.9670332240819913,-8.881311640283855,8.211157109590426,-3.544820082658829,-0.08244323836624029,6,3634,False
50/200,8,8,50,0.002,0.005,2.5,be_1_no_lock,25,False,all,-2.182199346959965,978.1780065304004,262,0.7158469945355191,21.755725190839694,0.9644985505474688,-7.058164687472698,10.400999136880047,-2.9984338744963996,-0.08329005141068394,6,3133,False
50/200,8,8,50,0.002,0.005,2.5,be_1_2,25,False,all,-2.484007567130527,975.1599243286947,263,0.7185792349726776,23.574144486692013,0.9629340686717295,-8.78265556039552,10.408373314673744,-3.334125478512822,-0.09444895692511424,6,3133,False
50/200,8,8,50,0.002,0.005,1.5,be_1_2,25,True,all,-2.675054358068826,973.2494564193117,278,0.7595628415300546,40.28776978417266,0.9609600478552438,-7.737544301956413,5.879097251482663,-4.127767685221365,-0.09622497690895097,7,2848,False
50/200,8,8,50,0.002,0.005,2.0,be_1_2,25,True,14_20,-1.7960409813238014,982.039590186762,180,0.4918032786885246,29.444444444444446,0.9609394180250971,-5.672941174624023,8.336767145173654,-3.6205438465152944,-0.09978005451799277,6,1354,False
50/200,8,8,50,0.002,0.005,2.5,fixed,20,True,14_20,-2.444763477924141,975.5523652207586,178,0.48633879781420764,30.89887640449438,0.9594573813192314,-11.400037085942191,10.519329314546603,-4.902526399018738,-0.1373462628047283,8,1512,False
50/200,8,8,50,0.002,0.005,2.0,be_1_no_lock,25,False,14_20,-1.9635900181448507,980.3640998185515,201,0.5491803278688525,26.368159203980102,0.9570759784442191,-5.412279130221032,8.260778128791795,-3.0909266284284675,-0.0976910456788463,8,1509,False
50/200,8,8,50,0.002,0.005,2.0,partial_1r,18,False,14_20,-2.376120284047363,976.2387971595264,353,0.9644808743169399,53.25779036827195,0.956210145846211,-7.834369878055511,2.759881410188081,-3.288599442156566,-0.06731218934978526,7,1783,False
50/200,8,8,50,0.002,0.005,1.5,be_1_2,18,True,14_20,-2.4917986031035526,975.0820139689645,219,0.5983606557377049,39.726027397260275,0.9556444671467152,-6.467126644664047,6.170810846940096,-4.255897952385032,-0.11378075813258387,5,1582,False
50/200,8,8,50,0.002,0.005,2.0,be_1_2,25,False,all,-3.152322344692345,968.4767765530765,277,0.7568306010928961,29.602888086642597,0.9551794369551979,-9.582165068033541,8.192650431277276,-3.6067720964700514,-0.11380225071091499,7,3133,False
50/200,8,8,50,0.002,0.005,2.5,partial_1r,20,True,all,-2.674101758920392,973.2589824107961,397,1.0846994535519126,49.87405541561713,0.9548175030293202,-7.065412771324434,2.8540585800311096,-2.9740935499264505,-0.0673577269249469,7,3134,False
50/200,8,8,50,0.002,0.005,2.5,be_1_2,18,True,all,-3.1257303250294055,968.7426967497059,260,0.7103825136612022,23.846153846153847,0.9534788993195478,-8.367661934180417,10.332868957230364,-3.393409992922108,-0.12022039711651866,5,3266,False
50/200,8,8,50,0.002,0.005,2.0,partial_1r,20,True,all,-3.0212397382085783,969.7876026179142,422,1.1530054644808743,53.08056872037915,0.9529376221668172,-6.598032690634257,2.7310382144855714,-3.242247259731584,-0.0715933587253215,6,3134,False
50/200,8,8,50,0.002,0.005,1.5,fixed,18,True,14_20,-2.926989178288443,970.7301082171156,219,0.5983606557377049,43.37899543378995,0.9519834998624598,-7.59114825209736,6.1085260582573255,-4.915966671913954,-0.13365247389444893,6,1582,False
50/200,8,8,50,0.002,0.005,2.0,be_1_2,18,False,14_20,-2.840492219321379,971.5950778067862,222,0.6065573770491803,29.27927927927928,0.9510019320726013,-7.828523840500466,8.481695779435046,-3.6924531710604613,-0.12795009996943404,7,1783,False
50/200,8,8,50,0.002,0.005,2.0,be_1_2,20,True,14_20,-2.4854825621326313,975.1451743786737,194,0.5300546448087432,29.381443298969074,0.9507145973011288,-7.613493774095509,8.411388988118976,-3.6810510798839977,-0.12811765784188675,7,1512,False
50/200,8,8,50,0.002,0.005,2.0,fixed,18,True,14_20,-3.1286345385317986,968.713654614682,198,0.5409836065573771,35.858585858585855,0.9498338738225071,-8.37798995034042,8.343217669876719,-4.91066771611469,-0.15801184538039675,7,1582,False
50/200,8,8,50,0.002,0.005,2.5,be_1_no_lock,20,False,14_20,-2.3976076186579918,976.0239238134201,207,0.5655737704918032,20.28985507246377,0.9494528703866688,-6.602835998337799,10.722738942606894,-2.874734010764061,-0.11582645500763519,8,1694,False
50/200,8,8,50,0.002,0.005,1.5,fixed,20,True,all,-4.216009188314137,957.8399081168586,301,0.8224043715846995,43.521594684385384,0.9490395623147274,-8.343987477045447,5.993512573739787,-4.8665308179003155,-0.14006675044233052,7,3134,False
50/200,8,8,50,0.002,0.005,2.5,partial_1r,25,True,all,-2.8956689691290305,971.0433103087097,379,1.03551912568306,49.86807387862797,0.9486209813329044,-7.335831404574063,2.828746495573597,-2.966261986077375,-0.07640287517491147,7,2848,False
50/200,8,8,50,0.002,0.005,2.0,fixed,18,False,14_20,-3.707390909113633,962.9260909088637,222,0.6065573770491803,36.03603603603604,0.9481555353507306,-9.284810745971896,8.475309842539376,-5.035906313340048,-0.16699959050061564,7,1783,False
50/200,8,8,50,0.002,0.005,2.0,be_1_no_lock,18,False,14_20,-2.8330799586968736,971.6692004130313,227,0.6202185792349727,26.87224669603524,0.9477032439064378,-7.644232037703119,8.416404756555403,-3.2634427092581304,-0.12480528452409737,7,1783,False
50/200,8,8,50,0.002,0.005,2.5,be_1_no_lock,25,True,all,-2.9757014713342187,970.2429852866578,243,0.6639344262295082,21.810699588477366,0.9475092806865445,-11.391632872071906,10.134782629534328,-2.9836868109403247,-0.12245685067219053,7,2848,False
50/200,8,8,50,0.002,0.005,2.5,be_1_2,18,True,14_20,-2.670891304690315,973.2910869530969,190,0.5191256830601093,23.157894736842106,0.9465572613499814,-7.79372626984543,10.751318405936978,-3.4230611158091113,-0.14057322656264845,6,1582,False
50/200,8,8,50,0.002,0.005,2.0,be_1_no_lock,20,True,all,-3.631649996673514,963.6835000332649,275,0.7513661202185792,27.27272727272727,0.9432467392057193,-9.220598026556855,8.047800765059314,-3.199507786730914,-0.13205999987903355,6,3134,False
50/200,8,8,50,0.002,0.005,2.0,be_1_2,20,True,all,-3.9737371120730245,960.2626288792698,273,0.7459016393442623,29.304029304029307,0.9423131293033172,-8.355246795706842,8.113858075251487,-3.5691503478800413,-0.14555813597336628,6,3134,False
50/200,8,8,50,0.002,0.005,1.5,partial_1r,25,True,all,-3.715984504328935,962.8401549567106,424,1.1584699453551912,59.198113207547166,0.9416948144160279,-8.28029367979033,2.3911298976406545,-3.684008377751982,-0.08764114397002018,6,2848,False
50/200,8,8,50,0.002,0.005,2.5,be_1_no_lock,20,True,all,-3.548719655378068,964.5128034462193,255,0.6967213114754098,21.568627450980394,0.9406848276315648,-9.760254744415015,10.232631747379855,-2.9914097132983644,-0.1391654766814933,6,3134,False
50/200,8,8,50,0.002,0.005,2.0,fixed,18,True,all,-5.245247169318918,947.5475283068108,275,0.7513661202185792,36.0,0.9396522668622149,-9.231411059700982,8.24967743990972,-4.938468967296883,-0.1907362607025057,6,3266,False
50/200,8,8,50,0.002,0.005,1.5,be_1_no_lock,25,True,all,-3.879174705533376,961.2082529446662,276,0.7540983606557377,36.594202898550726,0.9377981824969349,-10.281049390481224,5.7906094863060265,-3.563676029555661,-0.14054980817149296,8,2848,False
50/200,8,8,50,0.002,0.005,1.5,partial_1r,20,True,14_20,-3.312185310968061,966.8781468903194,323,0.8825136612021858,59.133126934984524,0.9339114085149595,-6.45862871395105,2.4505323732024142,-3.796769215085922,-0.10254443687207586,8,1512,False
50/200,8,8,50,0.002,0.005,2.5,fixed,18,False,all,-6.181404272549025,938.1859572745097,270,0.7377049180327869,30.74074074074074,0.933300588264296,-10.766449011279462,10.420980699921861,-4.9559114482299735,-0.22894089898329892,7,3634,False
50/200,8,8,50,0.002,0.005,2.5,be_1_no_lock,25,True,14_20,-2.655842933944837,973.4415706605516,170,0.4644808743169399,20.588235294117645,0.9330436091435437,-8.559385938368985,10.574120364909207,-2.938167719342745,-0.15622605493793124,8,1354,False
50/200,8,8,50,0.002,0.005,1.5,partial_1r,25,True,14_20,-3.033646150339416,969.6635384966058,296,0.8087431693989071,58.445945945945944,0.9327536039546828,-7.717773970945458,2.4322977671662542,-3.667674595310213,-0.10248804561957506,7,1354,False
50/200,8,8,50,0.002,0.005,2.0,be_1_no_lock,25,True,14_20,-2.896320960851324,971.0367903914868,181,0.49453551912568305,27.071823204419886,0.9326225655830793,-7.534349277879096,8.181671845880675,-3.256554015580813,-0.1600177326437249,7,1354,False
50/200,8,8,50,0.002,0.005,2.5,partial_1r,20,True,14_20,-3.0549071766173936,969.4509282338261,285,0.7786885245901639,49.122807017543856,0.930772696125882,-5.253449636486029,2.933838477501844,-3.043354887009871,-0.10718972549534415,8,1512,False
50/200,8,8,50,0.002,0.005,2.0,be_1_2,18,True,14_20,-3.7543768654822314,962.4562313451777,201,0.5491803278688525,29.35323383084577,0.9295506831439065,-7.008304227330629,8.39618775507385,-3.7529496211561906,-0.18678491868070635,7,1582,False
50/200,8,8,50,0.002,0.005,1.5,be_1_2,20,True,all,-5.352424530285464,946.4757546971454,300,0.819672131147541,39.666666666666664,0.9293611560621341,-8.121189735849528,5.917585268715874,-4.186281172817922,-0.17841415100951583,6,3134,False
50/200,8,8,50,0.002,0.005,1.5,partial_1r,20,True,all,-5.060154912893097,949.398450871069,454,1.2404371584699454,58.81057268722467,0.927194806970828,-7.840238565037715,2.4135771421727044,-3.7167200325617267,-0.11145715667165362,6,3134,False
50/200,8,8,50,0.002,0.005,2.0,partial_1r,25,True,14_20,-3.1921362271206024,968.078637728794,279,0.7622950819672131,52.68817204301075,0.9259976404373289,-5.835505462822133,2.717242475786631,-3.2678485319078883,-0.11441348484303396,7,1354,False
50/200,8,8,50,0.002,0.005,2.5,be_1_no_lock,18,False,14_20,-3.817208848466441,961.8279115153356,215,0.587431693989071,20.46511627906977,0.9248786426921473,-7.483807085141564,10.681065294526862,-2.9715728739406213,-0.17754459760309002,8,1783,False
50/200,8,8,50,0.002,0.005,2.5,be_1_no_lock,18,True,all,-4.945605821550067,950.5439417844993,263,0.7185792349726776,21.673003802281368,0.9211104985268037,-10.72728018040511,10.130646561120084,-3.0432180203851753,-0.18804584872814198,6,3266,False
50/200,8,8,50,0.002,0.005,2.5,partial_1r,18,True,all,-4.935836338503782,950.6416366149622,406,1.1092896174863387,49.50738916256158,0.9207297560144887,-9.820967624000948,2.8522440151727317,-3.0373629777305213,-0.12157232360846754,7,3266,False
50/200,8,8,50,0.002,0.005,1.5,be_1_no_lock,20,True,all,-5.442727859613683,945.5727214038632,297,0.8114754098360656,36.36363636363637,0.9205097045684211,-9.667955762671848,5.8358903679371945,-3.6227695149912864,-0.1832568302900207,8,3134,False
50/200,8,8,50,0.002,0.005,2.0,partial_1r,20,True,14_20,-3.972178801381574,960.2782119861843,300,0.819672131147541,52.666666666666664,0.9165186623819774,-5.566914571197241,2.7600923657796717,-3.3508195901901736,-0.13240596004605493,8,1512,False
50/200,8,8,50,0.002,0.005,2.0,be_1_2,18,True,all,-6.295841050382581,937.0415894961742,281,0.76775956284153,29.181494661921707,0.913211344651554,-7.879852502473163,8.078825746500838,-3.645337295059772,-0.22405128293176524,6,3266,False
50/200,8,8,50,0.002,0.005,2.5,fixed,18,True,14_20,-5.843839886331909,941.5616011366809,185,0.505464480874317,29.72972972972973,0.9070719910048705,-10.105558527778147,10.371241406269805,-4.837359047755063,-0.3158832370990215,8,1582,False
50/200,8,8,50,0.002,0.005,2.0,be_1_no_lock,18,True,all,-6.344071751023307,936.5592824897669,283,0.773224043715847,27.208480565371023,0.9067119414234154,-8.736276700236328,8.007936881961792,-3.3012226088412158,-0.2241721466792668,7,3266,False
50/200,8,8,50,0.002,0.005,2.5,fixed,18,True,all,-7.862014467805159,921.3798553219484,251,0.6857923497267759,29.880478087649404,0.9064477362060166,-13.914702008843937,10.156896872183355,-4.774928466430695,-0.313227668040043,6,3266,False
50/200,8,8,50,0.002,0.005,2.0,partial_1r,18,True,all,-6.796628910766516,932.0337108923349,429,1.1721311475409837,52.44755244755245,0.900079727094223,-9.066272557497012,2.7210618213726425,-3.3343392103750524,-0.1584295783395479,5,3266,False
50/200,8,8,50,0.002,0.005,1.5,be_1_no_lock,25,True,14_20,-4.476812213897358,955.2318778610264,193,0.5273224043715847,35.233160621761655,0.8999993784042097,-8.423460629181772,5.925151713241704,-3.5814275091152776,-0.2319591820672218,7,1354,False
50/200,8,8,50,0.002,0.005,2.5,be_1_2,25,True,20_24,-2.4839403896428847,975.1605961035712,87,0.23770491803278687,24.137931034482758,0.8991186052173276,-7.844615454658081,10.54211576348076,-3.730664165598863,-0.28551038961412634,6,457,False
50/200,8,8,50,0.002,0.005,1.5,fixed,18,True,all,-8.700375550322793,912.9962444967721,310,0.8469945355191257,42.25806451612903,0.8987559023645146,-10.26314399482631,5.895745730618887,-4.800818135275432,-0.280657275816865,8,3266,False
50/200,8,8,50,0.002,0.005,2.0,be_1_no_lock,20,True,14_20,-4.881004319372857,951.1899568062714,195,0.5327868852459017,26.153846153846157,0.8962384620854351,-7.73224305902203,8.266586101374543,-3.2667078775266014,-0.2503079138139944,8,1512,False
50/200,8,8,50,0.002,0.005,2.5,partial_1r,18,True,14_20,-5.155186948624589,948.4481305137541,295,0.8060109289617486,48.47457627118644,0.8899737062999221,-7.048052234010916,2.9160104359006693,-3.0825089593423827,-0.17475209995337765,8,1582,False
50/200,8,8,50,0.002,0.005,1.5,be_1_2,18,True,all,-8.75554971438604,912.4445028561396,309,0.8442622950819673,38.83495145631068,0.8893966312027446,-11.084886289626102,5.867178448076643,-4.188449264090256,-0.28335112344291613,7,3266,False
50/200,8,8,50,0.002,0.005,1.5,be_1_no_lock,20,True,14_20,-5.474435839855232,945.2556416014477,209,0.5710382513661202,34.92822966507177,0.888790988239136,-7.413591269307503,5.993440125871785,-3.619599173435233,-0.2619347291796718,8,1512,False
50/200,8,8,50,0.002,0.005,1.5,partial_1r,18,True,14_20,-5.979519695434942,940.2048030456506,332,0.907103825136612,58.43373493975904,0.8872790809652354,-8.253159010153878,2.4261647706667917,-3.8439939308964237,-0.18010601492273767,8,1582,False
50/200,8,8,50,0.002,0.005,2.0,partial_1r,18,True,14_20,-5.898366983049198,941.016330169508,308,0.8415300546448088,52.27272727272727,0.8826859533065263,-7.055672925530707,2.756526128859714,-3.420301881475552,-0.19150542152757208,8,1582,False
50/200,8,8,50,0.002,0.005,1.5,be_1_no_lock,18,True,all,-8.613823827584246,913.8617617241575,306,0.8360655737704918,35.947712418300654,0.8807592364632856,-11.390594323858068,5.7840995374619055,-3.68565911937068,-0.28149751070537127,7,3266,False
50/200,8,8,50,0.002,0.005,1.5,partial_1r,18,True,all,-8.739324475613023,912.6067552438698,462,1.2622950819672132,58.00865800865801,0.8804175793976907,-12.18399797354796,2.400846729823156,-3.7671142698388387,-0.18916286743750838,6,3266,False
50/200,8,8,50,0.002,0.005,2.0,be_1_no_lock,18,True,14_20,-6.118727223928044,938.8127277607196,202,0.5519125683060109,26.237623762376238,0.8773170056550841,-7.127831394535258,8.255766539839925,-3.3472677775221147,-0.3029072883132628,8,1582,False
50/200,8,8,50,0.002,0.005,1.5,fixed,25,True,20_24,-3.5395781393565016,964.604218606435,92,0.25136612021857924,41.30434782608695,0.8704675221220083,-7.53850394831327,6.259531165256808,-5.060332697654139,-0.3847367542778781,6,457,False
50/200,8,8,50,0.002,0.005,2.5,fixed,20,True,00_03,-2.9028120546996776,970.9718794530032,62,0.16939890710382513,29.03225806451613,0.8661143142957626,-6.573613253919013,10.432478104408467,-4.927561964235214,-0.46819549269350047,8,317,False
50/200,8,8,50,0.002,0.005,2.5,be_1_no_lock,20,True,14_20,-5.866721783585933,941.3327821641407,183,0.5,19.672131147540984,0.8650993348978876,-8.175254253187033,10.450687938025057,-2.958448868059601,-0.32058588981343866,8,1512,False
50/200,8,8,50,0.002,0.005,2.5,be_1_2,25,False,20_24,-3.856328014894734,961.4367198510527,96,0.26229508196721313,22.916666666666664,0.8560865651484975,-8.85816452757146,10.427198215509721,-3.621103255272458,-0.40170083488487524,6,498,False
50/200,8,8,50,0.002,0.005,1.5,be_1_no_lock,18,True,14_20,-7.683659325057249,923.1634067494275,217,0.592896174863388,34.56221198156682,0.8529426400115774,-7.950671747077378,5.942099210067765,-3.6795354507440496,-0.3540856831823628,8,1582,False
50/200,8,8,50,0.002,0.005,1.5,be_1_2,25,True,20_24,-3.8842316370497425,961.1576836295026,93,0.2540983606557377,37.634408602150536,0.8485637213283582,-8.13850488424167,6.218585479078926,-4.422289795487239,-0.4176593158118006,6,457,False
50/200,8,8,50,0.002,0.005,1.5,fixed,25,False,20_24,-4.869260529139979,951.3073947086002,103,0.2814207650273224,40.77669902912621,0.8412731059343022,-8.556151949542329,6.144693273708245,-5.029011848969589,-0.47274374069319075,6,498,False
50/200,8,8,50,0.002,0.005,2.0,partial_1r,18,True,20_24,-4.401847583931828,955.9815241606817,148,0.40437158469945356,50.0,0.8324899746426098,-9.331798526744201,2.9562522518244636,-3.551096519923367,-0.2974221340494517,6,522,False
50/200,8,8,50,0.002,0.005,1.5,be_1_2,25,False,20_24,-4.829487308712419,951.7051269128758,104,0.28415300546448086,37.5,0.8313345690081828,-8.584845907344324,6.103601648495582,-4.405159036591564,-0.46437377968388394,6,498,False
50/200,8,8,50,0.002,0.005,2.5,be_1_no_lock,18,True,14_20,-7.7941843976792144,922.0581560232079,191,0.5218579234972678,19.3717277486911,0.8312532749690458,-9.149210990888488,10.37688415934153,-2.9992633628079832,-0.4080724815538888,8,1582,False
50/200,8,8,50,0.002,0.005,2.0,be_1_2,18,True,20_24,-4.955288397182437,950.4471160281756,102,0.2786885245901639,27.450980392156865,0.8250599872302473,-9.586141932950778,8.346555315430368,-3.827789632484794,-0.4858125879590633,6,522,False
50/200,8,8,50,0.002,0.005,2.0,be_1_2,18,False,20_24,-5.422522008478154,945.7747799152185,112,0.30601092896174864,27.67857142857143,0.8245408398661032,-9.578503085332025,8.22007451882257,-3.8154016070158208,-0.4841537507569806,6,570,False
50/200,8,8,50,0.002,0.005,2.0,partial_1r,18,False,20_24,-5.069356220490863,949.3064377950914,163,0.4453551912568306,50.306748466257666,0.8235960687519598,-9.512446294023242,2.8863232192004635,-3.5478032861647746,-0.3110034491098696,5,570,False
50/200,8,8,50,0.002,0.005,2.5,fixed,25,True,20_24,-5.184003523683714,948.1599647631629,82,0.22404371584699453,28.04878048780488,0.8221023659961846,-11.09066084411679,10.41581309195015,-4.939046378842218,-0.6321955516687491,7,457,False
50/200,8,8,50,0.002,0.005,2.5,be_1_no_lock,25,True,20_24,-4.188565100447567,958.1143489955243,86,0.23497267759562843,20.930232558139537,0.8194470833222604,-8.968864258639014,10.56110036887219,-3.411550847708464,-0.48704245354042014,7,457,False
50/200,8,8,50,0.002,0.005,2.5,partial_1r,25,True,20_24,-4.169290699346914,958.3070930065309,127,0.3469945355191257,47.24409448818898,0.8167877208449332,-8.643473172168639,3.0978868370291446,-3.3965092121674303,-0.3282906062477885,6,457,False
50/200,8,8,50,0.002,0.005,1.5,partial_1r,25,True,20_24,-4.409922536029626,955.9007746397037,131,0.35792349726775957,54.19847328244275,0.8161478937039619,-8.992621545902656,2.7572291830355904,-3.9977082892637132,-0.3366353080938618,5,457,False
50/200,8,8,50,0.002,0.005,2.0,be_1_2,20,False,20_24,-5.655807303593508,943.4419269640649,109,0.2978142076502732,27.522935779816514,0.8132588166853245,-9.80153721608354,8.210356661336785,-3.833781935139731,-0.5188814039994052,6,553,False
50/200,8,8,50,0.002,0.005,2.0,be_1_2,20,True,20_24,-5.189726173133749,948.1027382686625,99,0.27049180327868855,27.27272727272727,0.8127623403744715,-9.80915722168137,8.343553358701671,-3.849627811337261,-0.5242147649630067,6,505,False
50/200,8,8,50,0.002,0.005,2.0,partial_1r,20,True,20_24,-5.066397159240557,949.3360284075944,142,0.3879781420765027,49.29577464788733,0.8046033684378407,-9.962077598674586,2.9803410541190245,-3.60122007473247,-0.3567885323408883,6,505,False
50/200,8,8,50,0.002,0.005,2.5,be_1_2,20,True,20_24,-5.457287847496821,945.4271215250318,97,0.2650273224043716,21.649484536082475,0.8007740773421209,-10.446643560858321,10.445319427571226,-3.604270874394275,-0.5626069945873104,7,505,False
50/200,8,8,50,0.002,0.005,1.5,fixed,18,True,20_24,-6.449195842135601,935.508041578644,107,0.2923497267759563,39.25233644859813,0.8002306124858927,-10.325121856612983,6.150954266166823,-4.966646732313264,-0.6027285833771552,7,522,False
50/200,8,8,50,0.002,0.005,1.5,be_1_2,20,True,20_24,-5.8893387172571465,941.1066128274285,104,0.28415300546448086,36.53846153846153,0.7985424423564514,-10.05247795294935,6.143238488324589,-4.429340147407663,-0.5662825689670322,6,505,False
50/200,8,8,50,0.002,0.005,2.0,partial_1r,20,False,20_24,-5.72926561636383,942.7073438363617,157,0.42896174863387976,49.681528662420384,0.7981144408279944,-10.14146959485355,2.9037837349554714,-3.592250474559051,-0.3649213768384603,5,553,False
50/200,8,8,50,0.002,0.005,2.5,fixed,20,False,00_03,-4.929635505164685,950.7036449483531,69,0.1885245901639344,27.536231884057973,0.7980142261119795,-7.040745187649419,10.250641827898207,-4.881170995634265,-0.714439928284744,8,341,False
50/200,8,8,50,0.002,0.005,2.5,fixed,18,True,20_24,-6.869566107402557,931.3043389259744,95,0.25956284153005466,27.368421052631582,0.797260001537613,-13.492534100422478,10.390022702225098,-4.91067030915766,-0.7231122218318529,7,522,False
50/200,8,8,50,0.002,0.005,2.5,partial_1r,25,False,20_24,-5.039353285058212,949.6064671494179,141,0.38524590163934425,46.808510638297875,0.7966839240975677,-9.018003947730694,2.9918871260338276,-3.304774442250863,-0.35740094220271007,6,498,False
50/200,8,8,50,0.002,0.005,1.5,partial_1r,25,False,20_24,-5.549877130042171,944.5012286995783,147,0.4016393442622951,54.421768707483,0.7934758900166435,-9.626055674950507,2.6653629542321218,-4.010862800581955,-0.37754266190762736,6,498,False
50/200,8,8,50,0.002,0.005,2.0,be_1_2,25,False,20_24,-5.718477119059628,942.8152288094037,99,0.27049180327868855,27.27272727272727,0.7931274254633148,-8.549482493019568,8.120012014675163,-3.839237438705906,-0.5776239514201599,7,498,False
50/200,8,8,50,0.002,0.005,2.5,be_1_no_lock,20,True,00_03,-3.5794617105047792,964.2053828949522,62,0.16939890710382513,20.967741935483872,0.7927730310231839,-6.7192429465953705,10.533603374708719,-3.5251318566583905,-0.5773325339523837,9,317,False
50/200,8,8,50,0.002,0.005,2.5,partial_1r,18,True,20_24,-5.366431616135378,946.3356838386462,147,0.4016393442622951,46.25850340136054,0.791707650798733,-10.441059204460332,2.999633606234635,-3.2612582453836647,-0.36506337524730814,6,522,False
50/200,8,8,50,0.002,0.005,2.5,fixed,20,True,20_24,-6.8667940550701925,931.3320594492981,92,0.25136612021857924,27.173913043478258,0.7911092925917742,-13.489959182507999,10.402348011898379,-4.906367773853161,-0.7463906581598073,7,505,False
50/200,8,8,50,0.002,0.005,1.5,be_1_2,18,True,20_24,-6.333450959403876,936.6654904059612,108,0.29508196721311475,36.11111111111111,0.790809839976244,-10.476944162700487,6.139126996951034,-4.387832789494622,-0.5864306443892462,6,522,False
50/200,8,8,50,0.002,0.005,2.0,be_1_2,25,True,20_24,-5.252705591317306,947.4729440868269,89,0.24316939890710382,26.96629213483146,0.7904506546537922,-8.55720827274813,8.255821094113195,-3.8564117257213804,-0.5901916394738546,7,457,False
50/200,8,8,50,0.002,0.005,1.5,fixed,20,True,20_24,-6.608249244949309,933.9175075505069,103,0.2814207650273224,38.83495145631068,0.7884001382273464,-10.477585479389987,6.155420630374087,-4.957132026419945,-0.6415775965970197,7,505,False
50/200,8,8,50,0.002,0.005,1.5,be_1_2,20,False,20_24,-6.814875055951427,931.8512494404857,115,0.31420765027322406,36.52173913043478,0.7879588525834277,-10.489519272225033,6.029648574626973,-4.402657406765033,-0.5925978309523005,6,553,False
50/200,8,8,50,0.002,0.005,2.5,be_1_2,20,True,00_03,-3.939461437459033,960.6053856254097,62,0.16939890710382513,22.58064516129032,0.7854695314500685,-7.138516030058119,10.30265554339593,-3.8256623329611195,-0.6353970060417855,9,317,False
50/200,8,8,50,0.002,0.005,2.5,be_1_2,18,True,20_24,-6.051832645761067,939.4816735423893,100,0.273224043715847,21.0,0.7835424787643739,-11.009812112148767,10.431757443036009,-3.539053579257814,-0.6051832645761113,7,522,False
50/200,8,8,50,0.002,0.005,1.5,fixed,18,False,20_24,-7.738769891671632,922.6123010832837,118,0.3224043715846995,38.983050847457626,0.7821642498286309,-11.116851509059176,6.0406393570204155,-4.934126518606319,-0.6558279569213209,7,570,False
50/200,8,8,50,0.002,0.005,2.5,be_1_no_lock,25,False,20_24,-5.536962770935577,944.6303722906442,95,0.25956284153005466,20.0,0.7817234452354821,-9.798981523983914,10.436720416219195,-3.337727837072641,-0.582838186414274,7,498,False
50/200,8,8,50,0.002,0.005,1.5,be_1_2,18,False,20_24,-7.254619652467306,927.4538034753269,119,0.3251366120218579,36.134453781512605,0.7813604899047051,-10.911923065268326,6.029329158529787,-4.365886188703346,-0.6096319035686846,6,570,False
50/200,8,8,50,0.002,0.005,1.5,partial_1r,18,True,20_24,-6.235075529254561,937.6492447074544,151,0.412568306010929,53.64238410596026,0.780597871268574,-10.993173672091164,2.738692203664101,-4.059783196990545,-0.41291890922215885,6,522,False
50/200,8,8,50,0.002,0.005,2.5,partial_1r,20,True,20_24,-5.6109050783996395,943.8909492160036,141,0.38524590163934425,46.09929078014184,0.7793781950344734,-10.672423029231206,3.049435015794605,-3.346346405403247,-0.3979365303829606,6,505,False
50/200,8,8,50,0.002,0.005,2.5,partial_1r,18,False,20_24,-6.225625164884298,937.743748351157,161,0.43989071038251365,45.962732919254655,0.7757414930239872,-10.808220486958337,2.9101766007269365,-3.190911725317662,-0.3866847928499585,6,570,False
50/200,8,8,50,0.002,0.005,1.5,partial_1r,20,True,20_24,-6.316406040396156,936.8359395960384,144,0.39344262295081966,53.47222222222222,0.7713307184978524,-11.07037706900317,2.7670188355195577,-4.122753891626388,-0.4386393083608478,6,505,False
50/200,8,8,50,0.002,0.005,1.5,fixed,20,False,20_24,-7.89563078376774,921.0436921623226,114,0.3114754098360656,38.59649122807017,0.7708983638508297,-11.267969047251867,6.038138748339048,-4.923348753779934,-0.6925991915585732,7,553,False
50/200,8,8,50,0.002,0.005,2.5,be_1_2,20,False,20_24,-6.78783020876831,932.1216979123169,106,0.2896174863387978,20.754716981132077,0.7699654054231316,-11.263284886315764,10.327289424072037,-3.5128413025865215,-0.6403613404498395,7,553,False
50/200,8,8,50,0.002,0.005,2.0,fixed,18,True,20_24,-7.7322943892950775,922.6770561070492,99,0.27049180327868855,31.313131313131315,0.7674846095387665,-11.98185258748778,8.23312401570772,-4.890438064410146,-0.7810398373025319,8,522,False
50/200,8,8,50,0.002,0.005,2.5,be_1_2,20,False,00_03,-4.676825366669402,953.231746333306,69,0.1885245901639344,21.73913043478261,0.7651459783558604,-7.602823449907831,10.157952858625858,-3.6877323434459695,-0.6778007777781808,9,341,False
50/200,8,8,50,0.002,0.005,1.5,partial_1r,18,False,20_24,-7.353264354323278,926.4673564567672,167,0.4562841530054645,53.89221556886228,0.7645545242346511,-11.612683457693507,2.6531132157108064,-4.05601081762605,-0.440315230797804,6,570,False
50/200,8,8,50,0.002,0.005,2.5,partial_1r,20,False,20_24,-6.467879012848914,935.3212098715109,155,0.42349726775956287,45.806451612903224,0.7641930849063251,-11.038635798516934,2.9522294314435173,-3.2653223781068923,-0.41728251695799484,6,553,False
50/200,8,8,50,0.002,0.005,2.5,be_1_no_lock,20,True,20_24,-6.186103050136911,938.1389694986309,96,0.26229508196721313,19.791666666666664,0.7629204813153225,-11.539148945822031,10.47728569957536,-3.3886942700428704,-0.6443857343892624,7,505,False
50/200,8,8,50,0.002,0.005,2.5,fixed,25,True,00_03,-4.769966643346118,952.3003335665388,56,0.15300546448087432,26.785714285714285,0.762542930954344,-6.772761378327798,10.211823016794847,-4.899439309399609,-0.8517797577403796,8,299,False
50/200,8,8,50,0.002,0.005,2.5,fixed,18,False,00_03,-6.318210911595214,936.8178908840479,75,0.20491803278688525,26.666666666666668,0.7620901582692172,-7.968013754402609,10.11947702240204,-4.828575446618061,-0.8424281215460341,9,371,False
50/200,8,8,50,0.002,0.005,2.0,fixed,18,False,00_03,-6.069731250492976,939.3026874950702,76,0.20765027322404372,31.57894736842105,0.7609782940531501,-7.180217451536251,8.051803137264619,-4.883472842293861,-0.7986488487490776,10,371,False
50/200,8,8,50,0.002,0.005,2.0,be_1_no_lock,18,False,20_24,-7.003607646329249,929.9639235367075,111,0.30327868852459017,24.324324324324326,0.7586648274190423,-10.752787462324944,8.154312910146338,-3.4547919647290968,-0.6309556438134505,7,570,False
50/200,8,8,50,0.002,0.005,2.5,be_1_no_lock,18,True,20_24,-6.351407997518299,936.485920024817,99,0.27049180327868855,19.19191919191919,0.7580347878112367,-11.695021548967773,10.472554189765445,-3.2811576197590755,-0.6415563633856826,7,522,False
50/200,8,8,50,0.002,0.005,2.0,partial_1r,25,True,20_24,-5.6941112918164665,943.0588870818353,128,0.34972677595628415,48.4375,0.7574136532854979,-9.11314772328698,2.8674842229008353,-3.5564414354244915,-0.44485244467316143,7,457,False
50/200,8,8,50,0.002,0.005,2.0,fixed,20,False,00_03,-5.690782939164535,943.0921706083546,70,0.1912568306010929,31.428571428571427,0.7573286344904538,-6.805749238862284,8.072632533770316,-4.885536356970667,-0.8129689913092152,10,341,False
50/200,8,8,50,0.002,0.005,1.5,partial_1r,20,False,20_24,-7.433624962601858,925.6637503739814,160,0.4371584699453552,53.75,0.7557538315700202,-11.689349499642526,2.674575077578447,-4.11283386888872,-0.46460156016261783,6,553,False
50/200,8,8,50,0.002,0.005,2.0,fixed,18,False,20_24,-8.931308662158495,910.686913378415,109,0.2978142076502732,31.19266055045872,0.7549520110008565,-12.68908950920213,8.092903932943896,-4.859624271222369,-0.8193861157943599,8,570,False
50/200,8,8,50,0.002,0.005,2.0,partial_1r,25,False,20_24,-6.3525967708779145,936.4740322912209,143,0.3907103825136612,48.95104895104895,0.7549253419238057,-9.294231131494332,2.795495827973993,-3.550831173519983,-0.4442375364250296,6,498,False
50/200,8,8,50,0.002,0.005,2.5,be_1_2,18,False,20_24,-7.374007709101726,926.2599229089827,109,0.2978142076502732,20.18348623853211,0.7547388869873193,-11.821317876746521,10.314518015365499,-3.4558560164259577,-0.6765144687249298,7,570,False
50/200,8,8,50,0.002,0.005,2.5,fixed,25,False,20_24,-8.035848989436943,919.6415101056306,91,0.24863387978142076,26.373626373626376,0.7537040069082639,-13.331505270971695,10.246227696432241,-4.869670964309609,-0.8830603285095607,7,498,False
50/200,8,8,50,0.002,0.005,2.0,be_1_no_lock,18,True,20_24,-6.544184946976077,934.5581505302392,101,0.27595628415300544,23.762376237623762,0.7526473134153822,-10.760327105885773,8.29696402136778,-3.4359608569167266,-0.6479391036610022,7,522,False
50/200,8,8,50,0.002,0.005,2.5,fixed,18,True,00_03,-6.250660291671591,937.4933970832841,69,0.1885245901639344,26.08695652173913,0.7470479412936263,-7.761119973319828,10.255660755330632,-4.845264637503282,-0.9058927958944346,9,343,False
50/200,8,8,50,0.002,0.005,1.5,be_1_no_lock,25,True,20_24,-6.2934210226188725,937.0657897738113,92,0.25136612021857924,31.521739130434785,0.7406137376754524,-9.7522054264286,6.196316330759253,-3.8512283145747035,-0.6840675024585647,5,457,False
50/200,8,8,50,0.002,0.005,2.5,fixed,18,False,20_24,-9.670713756434372,903.2928624356563,104,0.28415300546448086,25.961538461538463,0.7405611638194548,-15.672842431165357,10.223996929888138,-4.840974735991212,-0.9298763227340732,7,570,False
50/200,8,8,50,0.002,0.005,2.5,be_1_2,18,False,00_03,-5.663608491198249,943.3639150880175,75,0.20491803278688525,21.333333333333336,0.7398366148263567,-8.129600055009627,10.066138176576242,-3.6897338260542845,-0.7551477988264389,10,371,False
50/200,8,8,50,0.002,0.005,1.5,be_1_no_lock,25,False,20_24,-7.214983392239538,927.8501660776046,103,0.2814207650273224,32.038834951456316,0.7348900953833056,-10.190705724208032,6.06063091133788,-3.88786648566493,-0.7004838244892725,6,498,False
50/200,8,8,50,0.002,0.005,2.5,fixed,25,False,00_03,-5.8183528565874445,941.8164714341256,61,0.16666666666666666,26.229508196721312,0.7345590936743485,-7.799098850073424,10.063266199655228,-4.8710175057857406,-0.9538283371454863,9,317,False
50/200,8,8,50,0.002,0.005,2.0,be_1_no_lock,20,False,20_24,-7.653652010339533,923.4634798966047,108,0.29508196721311475,24.074074074074073,0.734475886026051,-11.37662507629507,8.142709435916116,-3.5152068955757927,-0.708671482438852,7,553,False
50/200,8,8,50,0.002,0.005,2.5,be_1_no_lock,20,False,20_24,-7.50638846532994,924.9361153467006,105,0.28688524590163933,19.047619047619047,0.7340024229099864,-12.345827662605435,10.356687044166724,-3.319972065136872,-0.7148941395552345,7,553,False
50/200,8,8,50,0.002,0.005,2.5,fixed,20,False,20_24,-9.668025081012683,903.3197491898732,101,0.27595628415300544,25.742574257425744,0.7334817587153081,-15.670332410712792,10.233561392881114,-4.836704627000488,-0.9572302060408676,7,553,False
50/200,8,8,50,0.002,0.005,2.0,fixed,20,True,20_24,-8.744988242902151,912.5501175709785,96,0.26229508196721313,30.208333333333332,0.7317755584033573,-12.947904970610988,8.226986449504727,-4.866156559174005,-0.9109362753023049,8,505,False
50/200,8,8,50,0.002,0.005,2.5,be_1_no_lock,18,False,20_24,-7.66936700139928,923.3063299860072,108,0.29508196721311475,18.51851851851852,0.7297030913960294,-12.500278856054207,10.352247161974297,-3.2243024233349873,-0.7101265742036383,7,570,False
50/200,8,8,50,0.002,0.005,1.5,be_1_no_lock,18,True,20_24,-7.717865173666757,922.8213482633324,107,0.2923497267759563,31.775700934579437,0.7291625929633861,-11.64893153750438,6.11130563291608,-3.9036033322714214,-0.7212958106230564,6,522,False
50/200,8,8,50,0.002,0.005,2.0,fixed,25,True,20_24,-7.965680496503932,920.3431950349607,86,0.23497267759562843,30.23255813953488,0.7274770049912105,-10.926622010035333,8.178349232408067,-4.871564750127482,-0.9262419181981304,7,457,False
50/200,8,8,50,0.002,0.005,2.0,be_1_no_lock,20,True,20_24,-7.197440673587141,928.0255932641286,98,0.2677595628415301,23.46938775510204,0.7260496856357728,-11.384112017781344,8.29363267151391,-3.503039442409228,-0.7344327217946138,7,505,False
50/200,8,8,50,0.002,0.005,1.5,be_1_no_lock,18,False,20_24,-8.625418770994587,913.7458122900541,118,0.3224043715846995,32.20338983050847,0.7252076367865596,-12.078215931798969,5.990379034266644,-3.923607387650982,-0.7309676924571704,6,570,False
50/200,8,8,50,0.002,0.005,1.5,be_1_no_lock,20,True,20_24,-7.700761406393326,922.9923859360667,103,0.2814207650273224,32.038834951456316,0.7237874935989819,-11.632556362437338,6.114873312538507,-3.982834762538622,-0.7476467384847842,6,505,False
50/200,8,8,50,0.002,0.005,2.0,fixed,20,False,20_24,-9.93084260920375,900.6915739079625,106,0.2896174863387978,30.18867924528302,0.7223886954425165,-13.647379539518168,8.07550917340949,-4.834117832988389,-0.9368719442645016,8,553,False
50/200,8,8,50,0.002,0.005,1.5,be_1_no_lock,20,False,20_24,-8.608483211636473,913.9151678836353,114,0.3114754098360656,32.45614035087719,0.7202261908244445,-12.06192032121524,5.989447564863861,-3.9960310651471094,-0.7551301062838998,6,553,False
50/200,8,8,50,0.002,0.005,2.5,be_1_no_lock,20,False,00_03,-5.312844919654946,946.8715508034505,69,0.1885245901639344,18.84057971014493,0.7182824729995589,-7.240071015805569,10.419939292177078,-3.367636785622351,-0.7699775245876755,10,341,False
50/200,8,8,50,0.002,0.005,2.0,fixed,25,False,20_24,-9.161661928442392,908.3833807155761,96,0.26229508196721313,30.208333333333332,0.7174745832533124,-11.973712695180335,8.022786970886626,-4.8399618125393475,-0.9543397842127511,8,498,False
50/200,8,8,50,0.002,0.005,2.5,partial_1r,20,False,00_03,-5.422144753449266,945.7785524655073,102,0.2786885245901639,46.07843137254902,0.7114541375830374,-6.428592403742811,2.844495872837141,-3.4165955192334216,-0.5315828189656134,9,341,False
50/200,8,8,50,0.002,0.005,2.5,partial_1r,20,True,00_03,-5.041620333138747,949.5837966686125,91,0.24863387978142076,46.15384615384615,0.7082880369640464,-6.052117323605012,2.9145835793056905,-3.5271166053515417,-0.5540242124328191,10,317,False
50/200,8,8,50,0.002,0.005,2.5,be_1_no_lock,25,True,00_03,-4.756310949327087,952.4368905067291,56,0.15300546448087432,19.642857142857142,0.7057402752485964,-7.161390202173385,10.370307453519093,-3.5919220329328905,-0.8493412409512509,9,299,False
50/200,8,8,50,0.002,0.005,2.5,be_1_2,25,True,00_03,-5.111916743078245,948.8808325692175,56,0.15300546448087432,21.428571428571427,0.7037183604830076,-7.107519882769761,10.118046450749814,-3.9212664736313783,-0.9128422755496943,9,299,False
50/200,8,8,50,0.002,0.005,2.0,fixed,20,True,00_03,-6.494890820762203,935.051091792378,64,0.17486338797814208,29.6875,0.7029983438354763,-7.600350592707485,8.0912139458856,-4.859599403987747,-1.0148266907440964,10,317,False
50/200,8,8,50,0.002,0.005,2.5,be_1_no_lock,18,False,00_03,-6.2930439856464435,937.0695601435356,75,0.20491803278688525,18.666666666666668,0.6962903102632713,-8.200319485353461,10.305390070423872,-3.3968180465966955,-0.8390725314195228,11,371,False
50/200,8,8,50,0.002,0.005,2.5,be_1_2,25,False,00_03,-5.740158964368822,942.5984103563118,61,0.16666666666666666,21.311475409836063,0.6930162225225353,-7.722549463376048,9.968011777374468,-3.895536307282424,-0.9410096662899718,10,317,False
50/200,8,8,50,0.002,0.005,2.5,be_1_no_lock,18,True,00_03,-6.076224862602362,939.2377513739764,69,0.1885245901639344,18.84057971014493,0.6901521054023373,-7.987913415713716,10.41086351111908,-3.5018477548316347,-0.880612298927877,10,343,False
50/200,8,8,50,0.002,0.005,2.5,be_1_2,18,True,00_03,-6.426902570939297,935.730974290607,69,0.1885245901639344,20.28985507246377,0.6892646150044216,-7.934522692779823,10.182840770940059,-3.760523572773711,-0.9314351552085987,10,343,False
50/200,8,8,50,0.002,0.005,2.5,partial_1r,18,False,00_03,-6.506467069633845,934.9353293036615,110,0.3005464480874317,45.45454545454545,0.6848338019356024,-7.501375933766063,2.8276183219087687,-3.440759779862936,-0.5914970063303429,10,371,False
50/200,8,8,50,0.002,0.005,2.0,be_1_2,18,False,00_03,-7.026462105686345,929.7353789431365,76,0.20765027322404372,25.0,0.681111119299073,-8.125637401023209,7.898810623802367,-3.8656495247212046,-0.9245344875903116,10,371,False
50/200,8,8,50,0.002,0.005,2.0,be_1_no_lock,25,False,20_24,-8.443452032968958,915.5654796703104,98,0.2677595628415301,22.448979591836736,0.6767172680761798,-10.377948602233698,8.033820256794257,-3.4365600786732013,-0.8615767380580575,7,498,False
50/200,8,8,50,0.002,0.005,2.0,be_1_2,20,False,00_03,-6.651373588935269,933.4862641106473,70,0.1912568306010929,24.285714285714285,0.6692443914751698,-7.754983350686073,7.916622629539283,-3.7942701998400103,-0.9501962269907531,10,341,False
50/200,8,8,50,0.002,0.005,2.0,partial_1r,20,False,00_03,-6.347362993102069,936.5263700689793,102,0.2786885245901639,47.05882352941176,0.6682428167365911,-7.055963616779158,2.6635819429469407,-3.5430659850458057,-0.6222904895198074,10,341,False
50/200,8,8,50,0.002,0.005,2.0,fixed,25,False,00_03,-7.167382795159108,928.3261720484089,62,0.16939890710382513,29.03225806451613,0.6643975553760458,-8.723567601936487,7.882990530794877,-4.853810397861337,-1.1560294830901778,10,317,False
50/200,8,8,50,0.002,0.005,2.0,be_1_no_lock,25,True,20_24,-7.991142482610224,920.0885751738978,88,0.24043715846994534,21.59090909090909,0.6610558557906001,-10.154025188558451,8.202859911993654,-3.41689511817365,-0.9080843730238913,7,457,False
50/200,8,8,50,0.002,0.005,2.0,partial_1r,18,False,00_03,-7.125572435736672,928.7442756426333,110,0.3005464480874317,47.27272727272727,0.6609526180782537,-7.828284920926419,2.67132265726155,-3.623525905775303,-0.6477793123396998,10,371,False
50/200,8,8,50,0.002,0.005,1.5,fixed,20,False,00_03,-7.927779101261809,920.7222089873819,74,0.20218579234972678,35.13513513513514,0.6564040554253755,-8.228759579334657,5.825073624046738,-4.806868859121524,-1.071321500170513,10,341,False
50/200,8,8,50,0.002,0.005,2.0,be_1_no_lock,18,False,00_03,-7.2829541413720005,927.17045858628,76,0.20765027322404372,22.36842105263158,0.6534972536076071,-8.77411120623593,8.079709373478856,-3.5624508603874623,-0.9582834396542067,10,371,False
50/200,8,8,50,0.002,0.005,2.0,fixed,18,True,00_03,-8.549698931936906,914.503010680631,71,0.19398907103825136,28.169014084507044,0.6528655613888121,-9.630865831269032,8.039830353963048,-4.829286203894702,-1.2041829481601243,10,343,False
50/200,8,8,50,0.002,0.005,1.5,partial_1r,20,False,00_03,-7.055315508030582,929.4468449196942,106,0.2896174863387978,51.886792452830186,0.6525356951693801,-7.514817497367273,2.409061171917978,-3.9814023438391124,-0.6655958026443957,10,341,False
50/200,8,8,50,0.002,0.005,1.5,fixed,18,False,00_03,-8.692856028059543,913.0714397194046,80,0.2185792349726776,35.0,0.6512476537339817,-8.996078077210626,5.797402976162023,-4.79338160794485,-1.0866070035074447,11,371,False
50/200,8,8,50,0.002,0.005,1.5,be_1_no_lock,20,False,00_03,-7.077890705920129,929.2210929407987,74,0.20218579234972678,29.72972972972973,0.6477201265411812,-7.780963963689966,5.915353890064384,-3.863782550781108,-0.9564717170162321,10,341,False
50/200,8,8,50,0.002,0.005,1.5,be_1_2,20,False,00_03,-7.616081986672134,923.8391801332787,74,0.20218579234972678,32.432432432432435,0.645436609952784,-7.918081390384528,5.776703447801839,-4.296034052279316,-1.0292002684692114,9,341,False
50/200,8,8,50,0.002,0.005,1.5,be_1_no_lock,18,False,00_03,-7.8500298062517,921.499701937483,80,0.2185792349726776,30.0,0.6424680568634945,-8.55202657418315,5.8775557130400005,-3.9207434852763705,-0.981253725781459,10,371,False
50/200,8,8,50,0.002,0.005,1.5,be_1_no_lock,20,True,00_03,-6.644183019592311,933.5581698040769,67,0.1830601092896175,29.850746268656714,0.641170195010616,-7.350537824437042,5.93603438611278,-3.9396280408123228,-0.9916691074018441,10,317,False
50/200,8,8,50,0.002,0.005,1.5,be_1_2,18,False,00_03,-8.383748970147087,916.1625102985291,80,0.2185792349726776,32.5,0.6406464354288973,-8.687997533450618,5.74859052774805,-4.320385989313341,-1.0479686212683894,10,371,False
50/200,8,8,50,0.002,0.005,2.5,be_1_no_lock,25,False,00_03,-6.369083695323116,936.3091630467688,61,0.16666666666666666,18.0327868852459,0.6390906708000218,-8.733437454337617,10.252945299052142,-3.5294647048560766,-1.0441120812004965,10,317,False
50/200,8,8,50,0.002,0.005,2.5,partial_1r,18,True,00_03,-7.091568394680542,929.0843160531946,100,0.273224043715847,44.0,0.6383934477662169,-8.08025091912426,2.84538966050738,-3.502014803734455,-0.7091568394680476,11,343,False
50/200,8,8,50,0.002,0.005,2.0,be_1_no_lock,20,False,00_03,-6.9089004052628065,930.9109959473719,70,0.1912568306010929,21.428571428571427,0.6380858981147494,-8.406073331245608,8.120659749764295,-3.4708890963471366,-0.986985772180401,9,341,False
50/200,8,8,50,0.002,0.005,1.5,fixed,20,True,00_03,-7.664547762014286,923.3545223798571,67,0.1830601092896175,34.32835820895522,0.6376972055745519,-7.966388733008422,5.865452593356701,-4.807974710621519,-1.1439623525394436,10,317,False
50/200,8,8,50,0.002,0.005,1.5,partial_1r,18,False,00_03,-8.026749951275258,919.7325004872474,114,0.3114754098360656,51.75438596491229,0.637602237668429,-8.48144934150022,2.3936025980576447,-4.027091869057332,-0.7041008729188796,11,371,False
50/200,8,8,50,0.002,0.005,2.0,be_1_no_lock,20,True,00_03,-6.5132505334053565,934.8674946659464,64,0.17486338797814208,21.875,0.6371114502483646,-8.016786648553314,8.167927858702646,-3.5896699071178113,-1.0176953958445862,9,317,False
50/200,8,8,50,0.002,0.005,2.5,partial_1r,25,True,00_03,-5.994280627085937,940.0571937291406,81,0.22131147540983606,44.44444444444444,0.6307355906454214,-7.459666709640277,2.8440973429880376,-3.6073402359650824,-0.7400346453192514,10,299,False
50/200,8,8,50,0.002,0.005,2.0,be_1_2,20,True,00_03,-7.034783591204508,929.6521640879549,64,0.17486338797814208,23.4375,0.6299450235838088,-8.133860506168748,7.983546946070133,-3.879613063328509,-1.0991849361257024,10,317,False
50/200,8,8,50,0.002,0.005,2.0,partial_1r,20,True,00_03,-6.758450985387982,932.4154901461202,92,0.25136612021857924,45.65217391304348,0.6260778274192407,-7.463941208578453,2.694293995056031,-3.6148971529246534,-0.7346142375421671,10,317,False
50/200,8,8,50,0.002,0.005,2.0,fixed,25,True,00_03,-7.6468743120742255,923.5312568792577,58,0.15846994535519127,27.586206896551722,0.6242062111279172,-9.19502123910558,7.938573265868989,-4.844902747015383,-1.3184266055300389,10,299,False
50/200,8,8,50,0.002,0.005,1.5,partial_1r,20,True,00_03,-7.114656914035118,928.8534308596488,95,0.25956284153005466,50.526315789473685,0.621943965594962,-7.573865530014769,2.4384160527102288,-4.004054035541328,-0.7489112541089625,10,317,False
50/200,8,8,50,0.002,0.005,2.5,partial_1r,25,False,00_03,-6.689102211119359,933.1089778888064,88,0.24043715846994534,44.31818181818182,0.6210979027191813,-8.143657230565065,2.811488288044809,-3.602838068264109,-0.7601252512635654,10,317,False
50/200,8,8,50,0.002,0.005,2.0,be_1_2,25,False,00_03,-7.262648710598047,927.3735128940195,62,0.16939890710382513,24.193548387096776,0.6165776711594068,-8.817236542360904,7.78599591381843,-4.030136719430996,-1.1713949533222643,10,317,False
50/200,8,8,50,0.002,0.005,1.5,be_1_2,20,True,00_03,-7.76540360535937,922.3459639464063,67,0.1830601092896175,31.343283582089555,0.6110341776797313,-8.066914882558246,5.8089655208404904,-4.340050260679223,-1.159015463486477,10,317,False
50/200,8,8,50,0.002,0.005,2.0,be_1_no_lock,18,True,00_03,-8.15118964793836,918.4881035206164,71,0.19398907103825136,21.12676056338028,0.5990515999548005,-9.628382985878165,8.119055053105821,-3.6303164692137737,-1.148054879991324,10,343,False
50/200,8,8,50,0.002,0.005,2.0,be_1_2,18,True,00_03,-8.663585160579908,913.3641483942009,71,0.19398907103825136,22.535211267605636,0.5947357720687281,-9.743405645310215,7.946272539989771,-3.8868402226479186,-1.2202232620535096,10,343,False
50/200,8,8,50,0.002,0.005,1.5,be_1_no_lock,18,True,00_03,-8.475267768210472,915.2473223178953,74,0.20218579234972678,28.37837837837838,0.5933500110506661,-9.172501484916175,5.888766355274613,-3.9323919083560632,-1.145306455163574,10,343,False
50/200,8,8,50,0.002,0.005,2.0,partial_1r,25,False,00_03,-7.386321667291577,926.1367833270842,88,0.24043715846994534,45.45454545454545,0.5900488721972947,-8.546625948550407,2.6578111840012584,-3.753659667353461,-0.8393547349194975,10,317,False
50/200,8,8,50,0.002,0.005,2.0,partial_1r,18,True,00_03,-8.380050414145273,916.1994958585473,101,0.27595628415300544,44.554455445544555,0.5895943527254012,-9.073271187128086,2.6753099484457468,-3.6462402110984207,-0.8297079617965639,10,343,False
50/200,8,8,50,0.002,0.005,1.5,fixed,18,True,00_03,-9.886079276032559,901.1392072396744,74,0.20218579234972678,32.432432432432435,0.5853590492147753,-10.18533874807734,5.815177720347965,-4.768501160973539,-1.3359566589233214,11,343,False
50/200,8,8,50,0.002,0.005,1.5,partial_1r,18,True,00_03,-8.827509210784342,911.7249078921566,104,0.28415300546448086,49.03846153846153,0.5822339060593892,-9.278249789650319,2.412305496867225,-3.986842876378712,-0.848798962575416,11,343,False
50/200,8,8,50,0.002,0.005,2.0,be_1_no_lock,25,False,00_03,-7.518489163215316,924.8151083678468,62,0.16939890710382513,20.967741935483872,0.5804852215553857,-9.460828855999887,8.002600351863785,-3.6575244123751496,-1.2126595424540827,9,317,False
50/200,8,8,50,0.002,0.005,1.5,fixed,25,False,00_03,-8.699040120919346,913.0095987908065,64,0.17486338797814208,32.8125,0.5779360303071754,-9.45251188009106,5.672226053706332,-4.793189496209908,-1.3592250188936414,10,317,False
50/200,8,8,50,0.002,0.005,2.0,be_1_no_lock,25,True,00_03,-7.224080606462439,927.7591939353756,58,0.15846994535519127,20.689655172413794,0.5721004664911657,-9.172603604650465,8.048812788359863,-3.6701425983683227,-1.2455311390452497,9,299,False
50/200,8,8,50,0.002,0.005,1.5,be_1_2,18,True,00_03,-9.574496688317675,904.2550331168233,74,0.20218579234972678,29.72972972972973,0.5699554510127178,-9.874790895506022,5.767940037270241,-4.281531686598493,-1.2938509038267074,11,343,False
50/200,8,8,50,0.002,0.005,2.0,be_1_2,25,True,00_03,-7.741648167721292,922.5835183227871,58,0.15846994535519127,22.413793103448278,0.56863885868596,-9.288206368304133,7.850288052998932,-3.988227252582193,-1.3347669254691823,10,299,False
50/200,8,8,50,0.002,0.005,1.5,fixed,25,True,00_03,-8.331567081399738,916.6843291860026,59,0.16120218579234974,32.20338983050847,0.5664691830397994,-9.088071454444313,5.729667350541409,-4.804483761857092,-1.412130013796558,10,299,False
50/200,8,8,50,0.002,0.005,2.0,partial_1r,25,True,00_03,-7.478497301929679,925.2150269807032,82,0.22404371584699453,43.90243902439025,0.5613289186650416,-8.637646766908407,2.6582159050293326,-3.7061031652250565,-0.9120118660889833,10,299,False
50/200,8,8,50,0.002,0.005,1.5,be_1_2,25,False,00_03,-8.798766012585348,912.0123398741465,64,0.17486338797814208,29.6875,0.546793672328384,-9.55141477227132,5.587218849835196,-4.31432929494939,-1.374807189466466,10,317,False
50/200,8,8,50,0.002,0.005,1.5,be_1_no_lock,25,True,00_03,-7.746832022955131,922.5316797704487,59,0.16120218579234974,27.11864406779661,0.5438066453297845,-8.902619674309548,5.771646346895527,-3.9491781809274387,-1.3130223767720581,10,299,False
50/200,8,8,50,0.002,0.005,1.5,partial_1r,25,False,00_03,-8.551584262849145,914.4841573715086,89,0.24316939890710382,48.31460674157304,0.5427899096795197,-9.458670520754822,2.3609896488927515,-4.066052120236517,-0.9608521643650724,10,317,False
50/200,8,8,50,0.002,0.005,1.5,partial_1r,25,True,00_03,-7.990992362112922,920.0900763788708,82,0.22404371584699453,47.5609756097561,0.5385543567267137,-8.903639188841506,2.391360779347622,-4.027278930597368,-0.9745112636723119,10,299,False
50/200,8,8,50,0.002,0.005,1.5,be_1_2,25,True,00_03,-8.43169435522624,915.6830564477376,59,0.16120218579234974,28.8135593220339,0.5322256128738347,-9.187372416332243,5.643197710489411,-4.291697729299581,-1.4291007381739387,10,299,False
50/200,8,8,50,0.002,0.005,1.5,be_1_no_lock,25,False,00_03,-8.691338671933783,913.0866132806622,64,0.17486338797814208,26.5625,0.5284448983056399,-9.835293134841141,5.7293455134836435,-3.921537456352342,-1.3580216674896581,10,317,False
