ema,lorentzian_k,lorentzian_horizon,andean_length,min_atr_pct,risk,rr,exit_mode,m15_adx_min,require_m15_adx_rising,require_ema50_slope,use_h1_bias,session,min_hold_minutes,partial_pct,trail_type,regime,use_atr_expansion,atr_ma_period,atr_expansion_ratio_min,use_bb_width,bb_length,use_donchian,donchian_n,chop_max,high_vol_day_only,profit_pct,final_balance,total_trades,trades_per_day,winrate,profit_factor,max_drawdown_pct,avg_win,avg_loss,expectancy,negative_months,label,start,end,signal_candidates
50/200,8,8,50,0.002,0.005,2.0,fixed,18,True,False,False,all,0,0.5,prev_candle,donchian_20,False,50,1.0,False,20,True,15,0.0,False,15.000367739246007,1150.00367739246,135,0.36885245901639346,44.44444444444444,1.3731455012886125,-3.1455802693425836,9.200024926688,-5.359970909450947,1.1111383510552517,4,donchian_15_adx_18,2025-04-27 10:30:00,2026-04-27 10:25:00,285
50/200,8,8,50,0.002,0.005,2.0,fixed,20,True,False,False,all,0,0.5,prev_candle,donchian_20,False,50,1.0,False,20,True,15,0.0,False,14.803693117206262,1148.0369311720626,130,0.3551912568306011,44.61538461538462,1.380390141675576,-3.888384616862236,9.262211119283796,-5.405157135366637,1.1387456244004794,4,donchian_15_adx_20,2025-04-27 10:30:00,2026-04-27 10:25:00,269
50/200,8,8,50,0.002,0.005,2.0,fixed,22,True,False,False,all,0,0.5,prev_candle,donchian_20,False,50,1.0,False,20,True,15,0.0,False,7.141353091824862,1071.4135309182486,124,0.33879781420765026,41.12903225806452,1.186637931679786,-5.211966189456012,8.902841554367697,-5.241525867869906,0.5759155719213659,6,donchian_15_adx_22,2025-04-27 10:30:00,2026-04-27 10:25:00,247
50/200,8,8,50,0.002,0.005,2.0,fixed,25,True,False,False,all,0,0.5,prev_candle,donchian_20,False,50,1.0,False,20,True,15,0.0,False,1.9896319500260007,1019.89631950026,118,0.3224043715846995,38.13559322033898,1.0526739711352122,-7.477152799609731,8.836047780938545,-5.174326447150343,0.1686128771208427,6,donchian_15_adx_25,2025-04-27 10:30:00,2026-04-27 10:25:00,232
50/200,8,8,50,0.002,0.005,2.0,fixed,18,True,False,False,all,0,0.5,prev_candle,donchian_20,False,50,1.0,False,20,True,20,0.0,False,10.975285806313604,1109.752858063136,126,0.3442622950819672,42.857142857142854,1.2861155084628606,-3.3857605592487294,9.136096014448018,-5.327726759959121,0.8710544290725101,4,donchian_20_adx_18,2025-04-27 10:30:00,2026-04-27 10:25:00,267
50/200,8,8,50,0.002,0.005,2.0,fixed,20,True,False,False,all,0,0.5,prev_candle,donchian_20,False,50,1.0,False,20,True,20,0.0,False,13.787127009768438,1137.8712700976844,121,0.33060109289617484,44.62809917355372,1.379700129822273,-3.3857605592487614,9.277350745450715,-5.419487614278413,1.1394319842783875,4,donchian_20_adx_20,2025-04-27 10:30:00,2026-04-27 10:25:00,253
50/200,8,8,50,0.002,0.005,2.0,fixed,22,True,False,False,all,0,0.5,prev_candle,donchian_20,False,50,1.0,False,20,True,20,0.0,False,6.7262669655605585,1067.2626696556056,114,0.3114754098360656,41.228070175438596,1.1909034851707911,-4.237451172736499,8.92768691780352,-5.2587853056889635,0.5900234180316214,6,donchian_20_adx_22,2025-04-27 10:30:00,2026-04-27 10:25:00,231
50/200,8,8,50,0.002,0.005,2.0,fixed,25,True,False,False,all,0,0.5,prev_candle,donchian_20,False,50,1.0,False,20,True,20,0.0,False,2.7324680881333276,1027.3246808813333,111,0.30327868852459017,38.73873873873874,1.0775353369097327,-6.186616361112907,8.831174902599571,-5.182585881330116,0.24616829622823133,5,donchian_20_adx_25,2025-04-27 10:30:00,2026-04-27 10:25:00,218
50/200,8,8,50,0.002,0.005,2.0,fixed,18,True,False,False,all,0,0.5,prev_candle,donchian_20,False,50,1.0,False,20,True,25,0.0,False,9.685270842764021,1096.8527084276402,123,0.3360655737704918,42.27642276422765,1.256721596666449,-3.3857605592487467,9.117695825807283,-5.3136264016104064,0.7874203937206493,5,donchian_25_adx_18,2025-04-27 10:30:00,2026-04-27 10:25:00,257
50/200,8,8,50,0.002,0.005,2.0,fixed,20,True,False,False,all,0,0.5,prev_candle,donchian_20,False,50,1.0,False,20,True,25,0.0,False,12.46442623512828,1124.6442623512828,118,0.3224043715846995,44.06779661016949,1.34953063465998,-3.3857605592487396,9.25478747550029,-5.4031013087080595,1.056307308061722,5,donchian_25_adx_20,2025-04-27 10:30:00,2026-04-27 10:25:00,243
50/200,8,8,50,0.002,0.005,2.0,fixed,22,True,False,False,all,0,0.5,prev_candle,donchian_20,False,50,1.0,False,20,True,25,0.0,False,4.958215840893127,1049.5821584089313,112,0.30601092896174864,40.17857142857143,1.1417726637344643,-4.351947853120817,8.873604260205777,-5.219851243288499,0.4426978429368802,6,donchian_25_adx_22,2025-04-27 10:30:00,2026-04-27 10:25:00,224
50/200,8,8,50,0.002,0.005,2.0,fixed,25,True,False,False,all,0,0.5,prev_candle,donchian_20,False,50,1.0,False,20,True,25,0.0,False,2.368570563393939,1023.6857056339394,109,0.2978142076502732,38.53211009174312,1.0685009216100831,-5.715192322726493,8.796613765323576,-5.160777201636576,0.21730005168751892,5,donchian_25_adx_25,2025-04-27 10:30:00,2026-04-27 10:25:00,212
50/200,8,8,50,0.002,0.005,2.0,fixed,18,True,False,False,all,0,0.5,prev_candle,donchian_20,False,50,1.0,False,20,True,30,0.0,False,9.504449891926878,1095.0444989192688,118,0.3224043715846995,42.3728813559322,1.2647528658356473,-3.1455802693425787,9.080755519729246,-5.279312898046949,0.8054618552480488,5,donchian_30_adx_18,2025-04-27 10:30:00,2026-04-27 10:25:00,247
50/200,8,8,50,0.002,0.005,2.0,fixed,20,True,False,False,all,0,0.5,prev_candle,donchian_20,False,50,1.0,False,20,True,30,0.0,False,12.279023725466619,1122.7902372546662,113,0.3087431693989071,44.24778761061947,1.363022683929214,-3.1455802693425654,9.220684334745032,-5.368952055279133,1.0866392677404086,5,donchian_30_adx_20,2025-04-27 10:30:00,2026-04-27 10:25:00,234
50/200,8,8,50,0.002,0.005,2.0,fixed,22,True,False,False,all,0,0.5,prev_candle,donchian_20,False,50,1.0,False,20,True,30,0.0,False,4.238076118384629,1042.3807611838463,108,0.29508196721311475,39.81481481481482,1.1261101906713962,-3.8713043749958502,8.800979377445158,-5.170174646866095,0.39241445540597786,6,donchian_30_adx_22,2025-04-27 10:30:00,2026-04-27 10:25:00,217
50/200,8,8,50,0.002,0.005,2.0,fixed,25,True,False,False,all,0,0.5,prev_candle,donchian_20,False,50,1.0,False,20,True,30,0.0,False,1.6661989252282299,1016.6619892522823,105,0.28688524590163933,38.095238095238095,1.0501407512028391,-5.241399319323143,8.724158239643105,-5.1123744666683315,0.15868561192650132,6,donchian_30_adx_25,2025-04-27 10:30:00,2026-04-27 10:25:00,205
