symbol,strategy,variant,days,total_trades,winrate,profit_factor,profit_pct,max_drawdown,expectancy,avg_r,trades_per_day,worst_month,lucky_month_risk,passes_success,config
XAUUSDm,momentum,B_momo_ny_adx18_rr2_atrexp0,492,233,41.63090128755365,1.0402081756889956,1.193629092407118,-4.436855908984861,0.5122871641232113,0.020491486564928482,0.4735772357723577,-198.52585069712518,True,False,"{'strategy': 'momentum', 'variant': 'B_momo_ny_adx18_rr2_atrexp0', 'initial_balance': 10000.0, 'risk_pct': 0.0025, 'fee_rate': 0.0001, 'spread_atr_mult': 0.03, 'slippage_min_spread': 0.3, 'slippage_max_spread': 1.0, 'max_trades_per_day': 3, 'daily_loss_limit_pct': 0.03, 'max_hold_minutes': 720, 'seed': 42, 'sweep_lookback': 20, 'wick_body_min': 1.5, 'atr_percentile_min': 30.0, 'sweep_rr': 2.0, 'sl_atr_buffer': 0.1, 'use_m1_confirmation': False, 'session': 'ny', 'adx_min': 18.0, 'momentum_rr': 2.0, 'use_atr_expansion': False, 'body_mult': 1.5, 'max_wick_pct': 0.5, 'momentum_sl_atr_mult': 1.0}"
XAUUSDm,momentum,B_momo_ny_adx18_rr1.5_atrexp0,492,242,44.62809917355372,1.0356339487157629,1.0372199027854914,-2.8962616793177696,0.42860326561388046,0.017144130624555182,0.491869918699187,-210.95647303865837,True,False,"{'strategy': 'momentum', 'variant': 'B_momo_ny_adx18_rr1.5_atrexp0', 'initial_balance': 10000.0, 'risk_pct': 0.0025, 'fee_rate': 0.0001, 'spread_atr_mult': 0.03, 'slippage_min_spread': 0.3, 'slippage_max_spread': 1.0, 'max_trades_per_day': 3, 'daily_loss_limit_pct': 0.03, 'max_hold_minutes': 720, 'seed': 42, 'sweep_lookback': 20, 'wick_body_min': 1.5, 'atr_percentile_min': 30.0, 'sweep_rr': 2.0, 'sl_atr_buffer': 0.1, 'use_m1_confirmation': False, 'session': 'ny', 'adx_min': 18.0, 'momentum_rr': 1.5, 'use_atr_expansion': False, 'body_mult': 1.5, 'max_wick_pct': 0.5, 'momentum_sl_atr_mult': 1.0}"
XAUUSDm,momentum,B_momo_ny_adx18_rr1.5_atrexp1,492,203,44.33497536945813,0.9951773294276428,-0.11509719272062284,-3.0131721763149066,-0.05669812449291143,-0.0022679249797164605,0.41260162601626016,-212.28318592493665,False,False,"{'strategy': 'momentum', 'variant': 'B_momo_ny_adx18_rr1.5_atrexp1', 'initial_balance': 10000.0, 'risk_pct': 0.0025, 'fee_rate': 0.0001, 'spread_atr_mult': 0.03, 'slippage_min_spread': 0.3, 'slippage_max_spread': 1.0, 'max_trades_per_day': 3, 'daily_loss_limit_pct': 0.03, 'max_hold_minutes': 720, 'seed': 42, 'sweep_lookback': 20, 'wick_body_min': 1.5, 'atr_percentile_min': 30.0, 'sweep_rr': 2.0, 'sl_atr_buffer': 0.1, 'use_m1_confirmation': False, 'session': 'ny', 'adx_min': 18.0, 'momentum_rr': 1.5, 'use_atr_expansion': True, 'body_mult': 1.5, 'max_wick_pct': 0.5, 'momentum_sl_atr_mult': 1.0}"
XAUUSDm,momentum,B_momo_london_adx25_rr2.5_atrexp1,492,54,33.33333333333333,0.9933198325818144,-0.06193174735781212,-1.851551554740554,-0.11468842103295963,-0.004587536841318378,0.10975609756097561,-105.16205370181788,False,False,"{'strategy': 'momentum', 'variant': 'B_momo_london_adx25_rr2.5_atrexp1', 'initial_balance': 10000.0, 'risk_pct': 0.0025, 'fee_rate': 0.0001, 'spread_atr_mult': 0.03, 'slippage_min_spread': 0.3, 'slippage_max_spread': 1.0, 'max_trades_per_day': 3, 'daily_loss_limit_pct': 0.03, 'max_hold_minutes': 720, 'seed': 42, 'sweep_lookback': 20, 'wick_body_min': 1.5, 'atr_percentile_min': 30.0, 'sweep_rr': 2.0, 'sl_atr_buffer': 0.1, 'use_m1_confirmation': False, 'session': 'london', 'adx_min': 25.0, 'momentum_rr': 2.5, 'use_atr_expansion': True, 'body_mult': 1.5, 'max_wick_pct': 0.5, 'momentum_sl_atr_mult': 1.0}"
XAUUSDm,momentum,B_momo_ny_adx18_rr2.5_atrexp0,492,229,38.864628820960704,0.9761500295226712,-0.7152769502619231,-6.808153100524349,-0.3123480132148113,-0.012493920528592429,0.4654471544715447,-203.17395791170765,False,False,"{'strategy': 'momentum', 'variant': 'B_momo_ny_adx18_rr2.5_atrexp0', 'initial_balance': 10000.0, 'risk_pct': 0.0025, 'fee_rate': 0.0001, 'spread_atr_mult': 0.03, 'slippage_min_spread': 0.3, 'slippage_max_spread': 1.0, 'max_trades_per_day': 3, 'daily_loss_limit_pct': 0.03, 'max_hold_minutes': 720, 'seed': 42, 'sweep_lookback': 20, 'wick_body_min': 1.5, 'atr_percentile_min': 30.0, 'sweep_rr': 2.0, 'sl_atr_buffer': 0.1, 'use_m1_confirmation': False, 'session': 'ny', 'adx_min': 18.0, 'momentum_rr': 2.5, 'use_atr_expansion': False, 'body_mult': 1.5, 'max_wick_pct': 0.5, 'momentum_sl_atr_mult': 1.0}"
XAUUSDm,momentum,B_momo_ny_adx25_rr1.5_atrexp1,492,114,42.98245614035088,0.9748857986840006,-0.3414532128879,-3.387209564223148,-0.29952036218235395,-0.011980814487294128,0.23170731707317074,-164.33075711138375,False,False,"{'strategy': 'momentum', 'variant': 'B_momo_ny_adx25_rr1.5_atrexp1', 'initial_balance': 10000.0, 'risk_pct': 0.0025, 'fee_rate': 0.0001, 'spread_atr_mult': 0.03, 'slippage_min_spread': 0.3, 'slippage_max_spread': 1.0, 'max_trades_per_day': 3, 'daily_loss_limit_pct': 0.03, 'max_hold_minutes': 720, 'seed': 42, 'sweep_lookback': 20, 'wick_body_min': 1.5, 'atr_percentile_min': 30.0, 'sweep_rr': 2.0, 'sl_atr_buffer': 0.1, 'use_m1_confirmation': False, 'session': 'ny', 'adx_min': 25.0, 'momentum_rr': 1.5, 'use_atr_expansion': True, 'body_mult': 1.5, 'max_wick_pct': 0.5, 'momentum_sl_atr_mult': 1.0}"
XAUUSDm,momentum,B_momo_ny_adx25_rr1.5_atrexp0,492,139,41.726618705035975,0.95716457142595,-0.7604615517767889,-3.9531468964932266,-0.5470946415660053,-0.021883785662640213,0.28252032520325204,-144.74887340510674,False,False,"{'strategy': 'momentum', 'variant': 'B_momo_ny_adx25_rr1.5_atrexp0', 'initial_balance': 10000.0, 'risk_pct': 0.0025, 'fee_rate': 0.0001, 'spread_atr_mult': 0.03, 'slippage_min_spread': 0.3, 'slippage_max_spread': 1.0, 'max_trades_per_day': 3, 'daily_loss_limit_pct': 0.03, 'max_hold_minutes': 720, 'seed': 42, 'sweep_lookback': 20, 'wick_body_min': 1.5, 'atr_percentile_min': 30.0, 'sweep_rr': 2.0, 'sl_atr_buffer': 0.1, 'use_m1_confirmation': False, 'session': 'ny', 'adx_min': 25.0, 'momentum_rr': 1.5, 'use_atr_expansion': False, 'body_mult': 1.5, 'max_wick_pct': 0.5, 'momentum_sl_atr_mult': 1.0}"
XAUUSDm,momentum,B_momo_ny_adx20_rr1.5_atrexp0,492,208,41.82692307692308,0.9530496503317178,-1.2416827647711035,-3.62773472532181,-0.5969628676783618,-0.023878514707134504,0.42276422764227645,-134.87399798424326,False,False,"{'strategy': 'momentum', 'variant': 'B_momo_ny_adx20_rr1.5_atrexp0', 'initial_balance': 10000.0, 'risk_pct': 0.0025, 'fee_rate': 0.0001, 'spread_atr_mult': 0.03, 'slippage_min_spread': 0.3, 'slippage_max_spread': 1.0, 'max_trades_per_day': 3, 'daily_loss_limit_pct': 0.03, 'max_hold_minutes': 720, 'seed': 42, 'sweep_lookback': 20, 'wick_body_min': 1.5, 'atr_percentile_min': 30.0, 'sweep_rr': 2.0, 'sl_atr_buffer': 0.1, 'use_m1_confirmation': False, 'session': 'ny', 'adx_min': 20.0, 'momentum_rr': 1.5, 'use_atr_expansion': False, 'body_mult': 1.5, 'max_wick_pct': 0.5, 'momentum_sl_atr_mult': 1.0}"
XAUUSDm,momentum,B_momo_london_ny_adx25_rr1.5_atrexp1,492,163,42.331288343558285,0.9351855476760198,-1.3759363285796462,-4.405699314930009,-0.8441327169199729,-0.033765308676798896,0.3313008130081301,-118.9459260128959,False,False,"{'strategy': 'momentum', 'variant': 'B_momo_london_ny_adx25_rr1.5_atrexp1', 'initial_balance': 10000.0, 'risk_pct': 0.0025, 'fee_rate': 0.0001, 'spread_atr_mult': 0.03, 'slippage_min_spread': 0.3, 'slippage_max_spread': 1.0, 'max_trades_per_day': 3, 'daily_loss_limit_pct': 0.03, 'max_hold_minutes': 720, 'seed': 42, 'sweep_lookback': 20, 'wick_body_min': 1.5, 'atr_percentile_min': 30.0, 'sweep_rr': 2.0, 'sl_atr_buffer': 0.1, 'use_m1_confirmation': False, 'session': 'london_ny', 'adx_min': 25.0, 'momentum_rr': 1.5, 'use_atr_expansion': True, 'body_mult': 1.5, 'max_wick_pct': 0.5, 'momentum_sl_atr_mult': 1.0}"
XAUUSDm,momentum,B_momo_ny_adx20_rr2_atrexp0,492,201,39.30348258706468,0.9309437572042423,-1.863382946537058,-4.47284317531474,-0.9270561923069438,-0.03708224769227776,0.40853658536585363,-156.09499640613603,False,False,"{'strategy': 'momentum', 'variant': 'B_momo_ny_adx20_rr2_atrexp0', 'initial_balance': 10000.0, 'risk_pct': 0.0025, 'fee_rate': 0.0001, 'spread_atr_mult': 0.03, 'slippage_min_spread': 0.3, 'slippage_max_spread': 1.0, 'max_trades_per_day': 3, 'daily_loss_limit_pct': 0.03, 'max_hold_minutes': 720, 'seed': 42, 'sweep_lookback': 20, 'wick_body_min': 1.5, 'atr_percentile_min': 30.0, 'sweep_rr': 2.0, 'sl_atr_buffer': 0.1, 'use_m1_confirmation': False, 'session': 'ny', 'adx_min': 20.0, 'momentum_rr': 2.0, 'use_atr_expansion': False, 'body_mult': 1.5, 'max_wick_pct': 0.5, 'momentum_sl_atr_mult': 1.0}"
XAUUSDm,momentum,B_momo_ny_adx18_rr2_atrexp1,492,196,40.816326530612244,0.9166212260591108,-2.0952119523122565,-4.892074318466606,-1.0689856899552048,-0.04275942759820823,0.3983739837398374,-199.92911659460674,False,False,"{'strategy': 'momentum', 'variant': 'B_momo_ny_adx18_rr2_atrexp1', 'initial_balance': 10000.0, 'risk_pct': 0.0025, 'fee_rate': 0.0001, 'spread_atr_mult': 0.03, 'slippage_min_spread': 0.3, 'slippage_max_spread': 1.0, 'max_trades_per_day': 3, 'daily_loss_limit_pct': 0.03, 'max_hold_minutes': 720, 'seed': 42, 'sweep_lookback': 20, 'wick_body_min': 1.5, 'atr_percentile_min': 30.0, 'sweep_rr': 2.0, 'sl_atr_buffer': 0.1, 'use_m1_confirmation': False, 'session': 'ny', 'adx_min': 18.0, 'momentum_rr': 2.0, 'use_atr_expansion': True, 'body_mult': 1.5, 'max_wick_pct': 0.5, 'momentum_sl_atr_mult': 1.0}"
XAUUSDm,momentum,B_momo_london_ny_adx18_rr1.5_atrexp1,492,284,42.95774647887324,0.9080363403308604,-3.4285596554310356,-5.272350325792797,-1.2072393152926326,-0.04828957261170531,0.5772357723577236,-271.1099487175602,False,False,"{'strategy': 'momentum', 'variant': 'B_momo_london_ny_adx18_rr1.5_atrexp1', 'initial_balance': 10000.0, 'risk_pct': 0.0025, 'fee_rate': 0.0001, 'spread_atr_mult': 0.03, 'slippage_min_spread': 0.3, 'slippage_max_spread': 1.0, 'max_trades_per_day': 3, 'daily_loss_limit_pct': 0.03, 'max_hold_minutes': 720, 'seed': 42, 'sweep_lookback': 20, 'wick_body_min': 1.5, 'atr_percentile_min': 30.0, 'sweep_rr': 2.0, 'sl_atr_buffer': 0.1, 'use_m1_confirmation': False, 'session': 'london_ny', 'adx_min': 18.0, 'momentum_rr': 1.5, 'use_atr_expansion': True, 'body_mult': 1.5, 'max_wick_pct': 0.5, 'momentum_sl_atr_mult': 1.0}"
XAUUSDm,momentum,B_momo_ny_adx20_rr1.5_atrexp1,492,174,40.804597701149426,0.8898375752978265,-2.401981404786966,-4.338842576760209,-1.3804490832109542,-0.05521796332843818,0.35365853658536583,-134.96687827940772,False,False,"{'strategy': 'momentum', 'variant': 'B_momo_ny_adx20_rr1.5_atrexp1', 'initial_balance': 10000.0, 'risk_pct': 0.0025, 'fee_rate': 0.0001, 'spread_atr_mult': 0.03, 'slippage_min_spread': 0.3, 'slippage_max_spread': 1.0, 'max_trades_per_day': 3, 'daily_loss_limit_pct': 0.03, 'max_hold_minutes': 720, 'seed': 42, 'sweep_lookback': 20, 'wick_body_min': 1.5, 'atr_percentile_min': 30.0, 'sweep_rr': 2.0, 'sl_atr_buffer': 0.1, 'use_m1_confirmation': False, 'session': 'ny', 'adx_min': 20.0, 'momentum_rr': 1.5, 'use_atr_expansion': True, 'body_mult': 1.5, 'max_wick_pct': 0.5, 'momentum_sl_atr_mult': 1.0}"
XAUUSDm,momentum,B_momo_ny_adx20_rr2.5_atrexp0,492,197,36.54822335025381,0.8819384132398423,-3.2127751378422365,-7.171122954258721,-1.6308503237777734,-0.06523401295111096,0.40040650406504064,-175.718583186217,False,False,"{'strategy': 'momentum', 'variant': 'B_momo_ny_adx20_rr2.5_atrexp0', 'initial_balance': 10000.0, 'risk_pct': 0.0025, 'fee_rate': 0.0001, 'spread_atr_mult': 0.03, 'slippage_min_spread': 0.3, 'slippage_max_spread': 1.0, 'max_trades_per_day': 3, 'daily_loss_limit_pct': 0.03, 'max_hold_minutes': 720, 'seed': 42, 'sweep_lookback': 20, 'wick_body_min': 1.5, 'atr_percentile_min': 30.0, 'sweep_rr': 2.0, 'sl_atr_buffer': 0.1, 'use_m1_confirmation': False, 'session': 'ny', 'adx_min': 20.0, 'momentum_rr': 2.5, 'use_atr_expansion': False, 'body_mult': 1.5, 'max_wick_pct': 0.5, 'momentum_sl_atr_mult': 1.0}"
XAUUSDm,momentum,B_momo_ny_adx25_rr2_atrexp0,492,136,36.76470588235294,0.8740067994497253,-2.3259205157699947,-4.700243085270302,-1.710235673360213,-0.06840942693440852,0.2764227642276423,-155.8961759058702,False,False,"{'strategy': 'momentum', 'variant': 'B_momo_ny_adx25_rr2_atrexp0', 'initial_balance': 10000.0, 'risk_pct': 0.0025, 'fee_rate': 0.0001, 'spread_atr_mult': 0.03, 'slippage_min_spread': 0.3, 'slippage_max_spread': 1.0, 'max_trades_per_day': 3, 'daily_loss_limit_pct': 0.03, 'max_hold_minutes': 720, 'seed': 42, 'sweep_lookback': 20, 'wick_body_min': 1.5, 'atr_percentile_min': 30.0, 'sweep_rr': 2.0, 'sl_atr_buffer': 0.1, 'use_m1_confirmation': False, 'session': 'ny', 'adx_min': 25.0, 'momentum_rr': 2.0, 'use_atr_expansion': False, 'body_mult': 1.5, 'max_wick_pct': 0.5, 'momentum_sl_atr_mult': 1.0}"
XAUUSDm,momentum,B_momo_london_ny_adx25_rr2_atrexp1,492,159,37.10691823899371,0.8629497177836087,-3.079300917142573,-4.567621139888056,-1.9366672434858705,-0.07746668973943482,0.3231707317073171,-156.57062239817776,False,False,"{'strategy': 'momentum', 'variant': 'B_momo_london_ny_adx25_rr2_atrexp1', 'initial_balance': 10000.0, 'risk_pct': 0.0025, 'fee_rate': 0.0001, 'spread_atr_mult': 0.03, 'slippage_min_spread': 0.3, 'slippage_max_spread': 1.0, 'max_trades_per_day': 3, 'daily_loss_limit_pct': 0.03, 'max_hold_minutes': 720, 'seed': 42, 'sweep_lookback': 20, 'wick_body_min': 1.5, 'atr_percentile_min': 30.0, 'sweep_rr': 2.0, 'sl_atr_buffer': 0.1, 'use_m1_confirmation': False, 'session': 'london_ny', 'adx_min': 25.0, 'momentum_rr': 2.0, 'use_atr_expansion': True, 'body_mult': 1.5, 'max_wick_pct': 0.5, 'momentum_sl_atr_mult': 1.0}"
XAUUSDm,momentum,B_momo_london_ny_adx20_rr1.5_atrexp1,492,243,41.1522633744856,0.8512932909148219,-4.893610034658796,-6.383427636658238,-2.0138312899830964,-0.08055325159932386,0.49390243902439024,-193.695133839465,False,False,"{'strategy': 'momentum', 'variant': 'B_momo_london_ny_adx20_rr1.5_atrexp1', 'initial_balance': 10000.0, 'risk_pct': 0.0025, 'fee_rate': 0.0001, 'spread_atr_mult': 0.03, 'slippage_min_spread': 0.3, 'slippage_max_spread': 1.0, 'max_trades_per_day': 3, 'daily_loss_limit_pct': 0.03, 'max_hold_minutes': 720, 'seed': 42, 'sweep_lookback': 20, 'wick_body_min': 1.5, 'atr_percentile_min': 30.0, 'sweep_rr': 2.0, 'sl_atr_buffer': 0.1, 'use_m1_confirmation': False, 'session': 'london_ny', 'adx_min': 20.0, 'momentum_rr': 1.5, 'use_atr_expansion': True, 'body_mult': 1.5, 'max_wick_pct': 0.5, 'momentum_sl_atr_mult': 1.0}"
XAUUSDm,momentum,B_momo_ny_adx18_rr2.5_atrexp1,492,194,38.659793814432994,0.8499643906523707,-3.8090972071900797,-6.2371014524334845,-1.9634521686546187,-0.07853808674618477,0.3943089430894309,-204.55707294232624,False,False,"{'strategy': 'momentum', 'variant': 'B_momo_ny_adx18_rr2.5_atrexp1', 'initial_balance': 10000.0, 'risk_pct': 0.0025, 'fee_rate': 0.0001, 'spread_atr_mult': 0.03, 'slippage_min_spread': 0.3, 'slippage_max_spread': 1.0, 'max_trades_per_day': 3, 'daily_loss_limit_pct': 0.03, 'max_hold_minutes': 720, 'seed': 42, 'sweep_lookback': 20, 'wick_body_min': 1.5, 'atr_percentile_min': 30.0, 'sweep_rr': 2.0, 'sl_atr_buffer': 0.1, 'use_m1_confirmation': False, 'session': 'ny', 'adx_min': 18.0, 'momentum_rr': 2.5, 'use_atr_expansion': True, 'body_mult': 1.5, 'max_wick_pct': 0.5, 'momentum_sl_atr_mult': 1.0}"
XAUUSDm,momentum,B_momo_london_ny_adx25_rr2.5_atrexp1,492,156,35.256410256410255,0.8490948867806958,-3.4158072685655494,-5.070431009165586,-2.1896200439522633,-0.08758480175809055,0.3170731707317073,-214.28625584973352,False,False,"{'strategy': 'momentum', 'variant': 'B_momo_london_ny_adx25_rr2.5_atrexp1', 'initial_balance': 10000.0, 'risk_pct': 0.0025, 'fee_rate': 0.0001, 'spread_atr_mult': 0.03, 'slippage_min_spread': 0.3, 'slippage_max_spread': 1.0, 'max_trades_per_day': 3, 'daily_loss_limit_pct': 0.03, 'max_hold_minutes': 720, 'seed': 42, 'sweep_lookback': 20, 'wick_body_min': 1.5, 'atr_percentile_min': 30.0, 'sweep_rr': 2.0, 'sl_atr_buffer': 0.1, 'use_m1_confirmation': False, 'session': 'london_ny', 'adx_min': 25.0, 'momentum_rr': 2.5, 'use_atr_expansion': True, 'body_mult': 1.5, 'max_wick_pct': 0.5, 'momentum_sl_atr_mult': 1.0}"
XAUUSDm,momentum,B_momo_london_ny_adx18_rr2_atrexp1,492,273,38.82783882783883,0.844767710966565,-6.078430562791782,-6.916181292044883,-2.2265313416819654,-0.0890612536672786,0.5548780487804879,-255.7359965267648,False,False,"{'strategy': 'momentum', 'variant': 'B_momo_london_ny_adx18_rr2_atrexp1', 'initial_balance': 10000.0, 'risk_pct': 0.0025, 'fee_rate': 0.0001, 'spread_atr_mult': 0.03, 'slippage_min_spread': 0.3, 'slippage_max_spread': 1.0, 'max_trades_per_day': 3, 'daily_loss_limit_pct': 0.03, 'max_hold_minutes': 720, 'seed': 42, 'sweep_lookback': 20, 'wick_body_min': 1.5, 'atr_percentile_min': 30.0, 'sweep_rr': 2.0, 'sl_atr_buffer': 0.1, 'use_m1_confirmation': False, 'session': 'london_ny', 'adx_min': 18.0, 'momentum_rr': 2.0, 'use_atr_expansion': True, 'body_mult': 1.5, 'max_wick_pct': 0.5, 'momentum_sl_atr_mult': 1.0}"
XAUUSDm,momentum,B_momo_ny_adx25_rr2_atrexp1,492,111,37.83783783783784,0.8407330213743054,-2.2681323727127527,-4.5087574468163725,-2.04336249793941,-0.08173449991757639,0.22560975609756098,-132.5232012209274,False,False,"{'strategy': 'momentum', 'variant': 'B_momo_ny_adx25_rr2_atrexp1', 'initial_balance': 10000.0, 'risk_pct': 0.0025, 'fee_rate': 0.0001, 'spread_atr_mult': 0.03, 'slippage_min_spread': 0.3, 'slippage_max_spread': 1.0, 'max_trades_per_day': 3, 'daily_loss_limit_pct': 0.03, 'max_hold_minutes': 720, 'seed': 42, 'sweep_lookback': 20, 'wick_body_min': 1.5, 'atr_percentile_min': 30.0, 'sweep_rr': 2.0, 'sl_atr_buffer': 0.1, 'use_m1_confirmation': False, 'session': 'ny', 'adx_min': 25.0, 'momentum_rr': 2.0, 'use_atr_expansion': True, 'body_mult': 1.5, 'max_wick_pct': 0.5, 'momentum_sl_atr_mult': 1.0}"
XAUUSDm,momentum,B_momo_london_ny_adx25_rr1.5_atrexp0,492,221,38.91402714932127,0.839941346684837,-5.081365572985123,-7.368845098374649,-2.2992604402647885,-0.09197041761059156,0.4491869918699187,-201.30017855906334,False,False,"{'strategy': 'momentum', 'variant': 'B_momo_london_ny_adx25_rr1.5_atrexp0', 'initial_balance': 10000.0, 'risk_pct': 0.0025, 'fee_rate': 0.0001, 'spread_atr_mult': 0.03, 'slippage_min_spread': 0.3, 'slippage_max_spread': 1.0, 'max_trades_per_day': 3, 'daily_loss_limit_pct': 0.03, 'max_hold_minutes': 720, 'seed': 42, 'sweep_lookback': 20, 'wick_body_min': 1.5, 'atr_percentile_min': 30.0, 'sweep_rr': 2.0, 'sl_atr_buffer': 0.1, 'use_m1_confirmation': False, 'session': 'london_ny', 'adx_min': 25.0, 'momentum_rr': 1.5, 'use_atr_expansion': False, 'body_mult': 1.5, 'max_wick_pct': 0.5, 'momentum_sl_atr_mult': 1.0}"
XAUUSDm,momentum,B_momo_london_adx25_rr2_atrexp1,492,54,33.33333333333333,0.8359844877418368,-1.5205857326687693,-2.230911475739427,-2.8158995049422506,-0.11263598019769006,0.10975609756097561,-105.16205370181788,False,False,"{'strategy': 'momentum', 'variant': 'B_momo_london_adx25_rr2_atrexp1', 'initial_balance': 10000.0, 'risk_pct': 0.0025, 'fee_rate': 0.0001, 'spread_atr_mult': 0.03, 'slippage_min_spread': 0.3, 'slippage_max_spread': 1.0, 'max_trades_per_day': 3, 'daily_loss_limit_pct': 0.03, 'max_hold_minutes': 720, 'seed': 42, 'sweep_lookback': 20, 'wick_body_min': 1.5, 'atr_percentile_min': 30.0, 'sweep_rr': 2.0, 'sl_atr_buffer': 0.1, 'use_m1_confirmation': False, 'session': 'london', 'adx_min': 25.0, 'momentum_rr': 2.0, 'use_atr_expansion': True, 'body_mult': 1.5, 'max_wick_pct': 0.5, 'momentum_sl_atr_mult': 1.0}"
XAUUSDm,momentum,B_momo_london_ny_adx18_rr2.5_atrexp1,492,268,36.940298507462686,0.8333265875025677,-6.603716670777485,-6.946745086492938,-2.4640733846184446,-0.09856293538473779,0.5447154471544715,-248.06904732393778,False,False,"{'strategy': 'momentum', 'variant': 'B_momo_london_ny_adx18_rr2.5_atrexp1', 'initial_balance': 10000.0, 'risk_pct': 0.0025, 'fee_rate': 0.0001, 'spread_atr_mult': 0.03, 'slippage_min_spread': 0.3, 'slippage_max_spread': 1.0, 'max_trades_per_day': 3, 'daily_loss_limit_pct': 0.03, 'max_hold_minutes': 720, 'seed': 42, 'sweep_lookback': 20, 'wick_body_min': 1.5, 'atr_percentile_min': 30.0, 'sweep_rr': 2.0, 'sl_atr_buffer': 0.1, 'use_m1_confirmation': False, 'session': 'london_ny', 'adx_min': 18.0, 'momentum_rr': 2.5, 'use_atr_expansion': True, 'body_mult': 1.5, 'max_wick_pct': 0.5, 'momentum_sl_atr_mult': 1.0}"
XAUUSDm,momentum,B_momo_london_ny_adx18_rr2_atrexp0,492,367,36.23978201634878,0.819980119868571,-10.052637278506046,-11.926015633134766,-2.7391382230261936,-0.10956552892104776,0.7459349593495935,-328.0682349408434,False,False,"{'strategy': 'momentum', 'variant': 'B_momo_london_ny_adx18_rr2_atrexp0', 'initial_balance': 10000.0, 'risk_pct': 0.0025, 'fee_rate': 0.0001, 'spread_atr_mult': 0.03, 'slippage_min_spread': 0.3, 'slippage_max_spread': 1.0, 'max_trades_per_day': 3, 'daily_loss_limit_pct': 0.03, 'max_hold_minutes': 720, 'seed': 42, 'sweep_lookback': 20, 'wick_body_min': 1.5, 'atr_percentile_min': 30.0, 'sweep_rr': 2.0, 'sl_atr_buffer': 0.1, 'use_m1_confirmation': False, 'session': 'london_ny', 'adx_min': 18.0, 'momentum_rr': 2.0, 'use_atr_expansion': False, 'body_mult': 1.5, 'max_wick_pct': 0.5, 'momentum_sl_atr_mult': 1.0}"
XAUUSDm,momentum,B_momo_ny_adx25_rr2.5_atrexp0,492,134,32.83582089552239,0.8174227987431453,-3.4600072259783334,-5.572643511571052,-2.5820949447598927,-0.10328379779039575,0.27235772357723576,-155.86906913342088,False,False,"{'strategy': 'momentum', 'variant': 'B_momo_ny_adx25_rr2.5_atrexp0', 'initial_balance': 10000.0, 'risk_pct': 0.0025, 'fee_rate': 0.0001, 'spread_atr_mult': 0.03, 'slippage_min_spread': 0.3, 'slippage_max_spread': 1.0, 'max_trades_per_day': 3, 'daily_loss_limit_pct': 0.03, 'max_hold_minutes': 720, 'seed': 42, 'sweep_lookback': 20, 'wick_body_min': 1.5, 'atr_percentile_min': 30.0, 'sweep_rr': 2.0, 'sl_atr_buffer': 0.1, 'use_m1_confirmation': False, 'session': 'ny', 'adx_min': 25.0, 'momentum_rr': 2.5, 'use_atr_expansion': False, 'body_mult': 1.5, 'max_wick_pct': 0.5, 'momentum_sl_atr_mult': 1.0}"
XAUUSDm,momentum,B_momo_london_adx20_rr2.5_atrexp1,492,76,32.89473684210527,0.816073743375546,-2.486033059282836,-4.123830458364145,-3.271096130635133,-0.1308438452254053,0.15447154471544716,-131.6922167343228,False,False,"{'strategy': 'momentum', 'variant': 'B_momo_london_adx20_rr2.5_atrexp1', 'initial_balance': 10000.0, 'risk_pct': 0.0025, 'fee_rate': 0.0001, 'spread_atr_mult': 0.03, 'slippage_min_spread': 0.3, 'slippage_max_spread': 1.0, 'max_trades_per_day': 3, 'daily_loss_limit_pct': 0.03, 'max_hold_minutes': 720, 'seed': 42, 'sweep_lookback': 20, 'wick_body_min': 1.5, 'atr_percentile_min': 30.0, 'sweep_rr': 2.0, 'sl_atr_buffer': 0.1, 'use_m1_confirmation': False, 'session': 'london', 'adx_min': 20.0, 'momentum_rr': 2.5, 'use_atr_expansion': True, 'body_mult': 1.5, 'max_wick_pct': 0.5, 'momentum_sl_atr_mult': 1.0}"
XAUUSDm,momentum,B_momo_london_ny_adx18_rr1.5_atrexp0,492,383,39.425587467362924,0.8051574503834226,-10.72005184259231,-13.49410933023222,-2.7989691495018745,-0.111958765980075,0.7784552845528455,-343.16457385578343,False,False,"{'strategy': 'momentum', 'variant': 'B_momo_london_ny_adx18_rr1.5_atrexp0', 'initial_balance': 10000.0, 'risk_pct': 0.0025, 'fee_rate': 0.0001, 'spread_atr_mult': 0.03, 'slippage_min_spread': 0.3, 'slippage_max_spread': 1.0, 'max_trades_per_day': 3, 'daily_loss_limit_pct': 0.03, 'max_hold_minutes': 720, 'seed': 42, 'sweep_lookback': 20, 'wick_body_min': 1.5, 'atr_percentile_min': 30.0, 'sweep_rr': 2.0, 'sl_atr_buffer': 0.1, 'use_m1_confirmation': False, 'session': 'london_ny', 'adx_min': 18.0, 'momentum_rr': 1.5, 'use_atr_expansion': False, 'body_mult': 1.5, 'max_wick_pct': 0.5, 'momentum_sl_atr_mult': 1.0}"
XAUUSDm,momentum,B_momo_london_ny_adx18_rr2.5_atrexp0,492,362,33.97790055248619,0.7879666184881838,-12.138001752706804,-13.656799003928166,-3.353039158206335,-0.1341215663282534,0.7357723577235772,-320.4579081594576,False,False,"{'strategy': 'momentum', 'variant': 'B_momo_london_ny_adx18_rr2.5_atrexp0', 'initial_balance': 10000.0, 'risk_pct': 0.0025, 'fee_rate': 0.0001, 'spread_atr_mult': 0.03, 'slippage_min_spread': 0.3, 'slippage_max_spread': 1.0, 'max_trades_per_day': 3, 'daily_loss_limit_pct': 0.03, 'max_hold_minutes': 720, 'seed': 42, 'sweep_lookback': 20, 'wick_body_min': 1.5, 'atr_percentile_min': 30.0, 'sweep_rr': 2.0, 'sl_atr_buffer': 0.1, 'use_m1_confirmation': False, 'session': 'london_ny', 'adx_min': 18.0, 'momentum_rr': 2.5, 'use_atr_expansion': False, 'body_mult': 1.5, 'max_wick_pct': 0.5, 'momentum_sl_atr_mult': 1.0}"
XAUUSDm,momentum,B_momo_london_ny_adx25_rr2_atrexp0,492,215,33.48837209302326,0.7874139983877578,-7.100239773740559,-8.504163611632977,-3.3024371040653793,-0.1320974841626152,0.4369918699186992,-215.22420694407342,False,False,"{'strategy': 'momentum', 'variant': 'B_momo_london_ny_adx25_rr2_atrexp0', 'initial_balance': 10000.0, 'risk_pct': 0.0025, 'fee_rate': 0.0001, 'spread_atr_mult': 0.03, 'slippage_min_spread': 0.3, 'slippage_max_spread': 1.0, 'max_trades_per_day': 3, 'daily_loss_limit_pct': 0.03, 'max_hold_minutes': 720, 'seed': 42, 'sweep_lookback': 20, 'wick_body_min': 1.5, 'atr_percentile_min': 30.0, 'sweep_rr': 2.0, 'sl_atr_buffer': 0.1, 'use_m1_confirmation': False, 'session': 'london_ny', 'adx_min': 25.0, 'momentum_rr': 2.0, 'use_atr_expansion': False, 'body_mult': 1.5, 'max_wick_pct': 0.5, 'momentum_sl_atr_mult': 1.0}"
XAUUSDm,momentum,B_momo_london_ny_adx20_rr1.5_atrexp0,492,331,38.670694864048336,0.784283627170923,-10.447306219665387,-12.02132431032563,-3.156285866968402,-0.1262514346787361,0.6727642276422764,-245.7705660980678,False,False,"{'strategy': 'momentum', 'variant': 'B_momo_london_ny_adx20_rr1.5_atrexp0', 'initial_balance': 10000.0, 'risk_pct': 0.0025, 'fee_rate': 0.0001, 'spread_atr_mult': 0.03, 'slippage_min_spread': 0.3, 'slippage_max_spread': 1.0, 'max_trades_per_day': 3, 'daily_loss_limit_pct': 0.03, 'max_hold_minutes': 720, 'seed': 42, 'sweep_lookback': 20, 'wick_body_min': 1.5, 'atr_percentile_min': 30.0, 'sweep_rr': 2.0, 'sl_atr_buffer': 0.1, 'use_m1_confirmation': False, 'session': 'london_ny', 'adx_min': 20.0, 'momentum_rr': 1.5, 'use_atr_expansion': False, 'body_mult': 1.5, 'max_wick_pct': 0.5, 'momentum_sl_atr_mult': 1.0}"
XAUUSDm,momentum,B_momo_ny_adx20_rr2_atrexp1,492,167,37.72455089820359,0.780932601454399,-4.944099721467592,-6.305923778896476,-2.960538755369847,-0.11842155021479392,0.3394308943089431,-138.0414877105854,False,False,"{'strategy': 'momentum', 'variant': 'B_momo_ny_adx20_rr2_atrexp1', 'initial_balance': 10000.0, 'risk_pct': 0.0025, 'fee_rate': 0.0001, 'spread_atr_mult': 0.03, 'slippage_min_spread': 0.3, 'slippage_max_spread': 1.0, 'max_trades_per_day': 3, 'daily_loss_limit_pct': 0.03, 'max_hold_minutes': 720, 'seed': 42, 'sweep_lookback': 20, 'wick_body_min': 1.5, 'atr_percentile_min': 30.0, 'sweep_rr': 2.0, 'sl_atr_buffer': 0.1, 'use_m1_confirmation': False, 'session': 'ny', 'adx_min': 20.0, 'momentum_rr': 2.0, 'use_atr_expansion': True, 'body_mult': 1.5, 'max_wick_pct': 0.5, 'momentum_sl_atr_mult': 1.0}"
XAUUSDm,momentum,B_momo_london_adx18_rr2.5_atrexp1,492,87,31.03448275862069,0.7809244566221571,-3.4902530530782316,-5.149968807382214,-4.0117851184807,-0.1604714047392279,0.17682926829268292,-131.70180967588925,False,False,"{'strategy': 'momentum', 'variant': 'B_momo_london_adx18_rr2.5_atrexp1', 'initial_balance': 10000.0, 'risk_pct': 0.0025, 'fee_rate': 0.0001, 'spread_atr_mult': 0.03, 'slippage_min_spread': 0.3, 'slippage_max_spread': 1.0, 'max_trades_per_day': 3, 'daily_loss_limit_pct': 0.03, 'max_hold_minutes': 720, 'seed': 42, 'sweep_lookback': 20, 'wick_body_min': 1.5, 'atr_percentile_min': 30.0, 'sweep_rr': 2.0, 'sl_atr_buffer': 0.1, 'use_m1_confirmation': False, 'session': 'london', 'adx_min': 18.0, 'momentum_rr': 2.5, 'use_atr_expansion': True, 'body_mult': 1.5, 'max_wick_pct': 0.5, 'momentum_sl_atr_mult': 1.0}"
XAUUSDm,momentum,B_momo_london_adx25_rr2.5_atrexp0,492,92,28.26086956521739,0.7808172716611118,-3.7173634067888996,-4.767095184043321,-4.040612398683628,-0.1616244959473451,0.18699186991869918,-156.25197835996647,False,False,"{'strategy': 'momentum', 'variant': 'B_momo_london_adx25_rr2.5_atrexp0', 'initial_balance': 10000.0, 'risk_pct': 0.0025, 'fee_rate': 0.0001, 'spread_atr_mult': 0.03, 'slippage_min_spread': 0.3, 'slippage_max_spread': 1.0, 'max_trades_per_day': 3, 'daily_loss_limit_pct': 0.03, 'max_hold_minutes': 720, 'seed': 42, 'sweep_lookback': 20, 'wick_body_min': 1.5, 'atr_percentile_min': 30.0, 'sweep_rr': 2.0, 'sl_atr_buffer': 0.1, 'use_m1_confirmation': False, 'session': 'london', 'adx_min': 25.0, 'momentum_rr': 2.5, 'use_atr_expansion': False, 'body_mult': 1.5, 'max_wick_pct': 0.5, 'momentum_sl_atr_mult': 1.0}"
XAUUSDm,momentum,B_momo_london_ny_adx20_rr2.5_atrexp1,492,229,35.80786026200873,0.778731874352361,-7.60454220637359,-7.833562556755187,-3.320760788809453,-0.1328304315523781,0.4654471544715447,-171.54982426009582,False,False,"{'strategy': 'momentum', 'variant': 'B_momo_london_ny_adx20_rr2.5_atrexp1', 'initial_balance': 10000.0, 'risk_pct': 0.0025, 'fee_rate': 0.0001, 'spread_atr_mult': 0.03, 'slippage_min_spread': 0.3, 'slippage_max_spread': 1.0, 'max_trades_per_day': 3, 'daily_loss_limit_pct': 0.03, 'max_hold_minutes': 720, 'seed': 42, 'sweep_lookback': 20, 'wick_body_min': 1.5, 'atr_percentile_min': 30.0, 'sweep_rr': 2.0, 'sl_atr_buffer': 0.1, 'use_m1_confirmation': False, 'session': 'london_ny', 'adx_min': 20.0, 'momentum_rr': 2.5, 'use_atr_expansion': True, 'body_mult': 1.5, 'max_wick_pct': 0.5, 'momentum_sl_atr_mult': 1.0}"
XAUUSDm,momentum,B_momo_london_ny_adx25_rr2.5_atrexp0,492,212,31.132075471698112,0.7677918820458978,-7.956430736442617,-9.71063932489582,-3.753033366246487,-0.15012133464985947,0.43089430894308944,-269.1883790782892,False,False,"{'strategy': 'momentum', 'variant': 'B_momo_london_ny_adx25_rr2.5_atrexp0', 'initial_balance': 10000.0, 'risk_pct': 0.0025, 'fee_rate': 0.0001, 'spread_atr_mult': 0.03, 'slippage_min_spread': 0.3, 'slippage_max_spread': 1.0, 'max_trades_per_day': 3, 'daily_loss_limit_pct': 0.03, 'max_hold_minutes': 720, 'seed': 42, 'sweep_lookback': 20, 'wick_body_min': 1.5, 'atr_percentile_min': 30.0, 'sweep_rr': 2.0, 'sl_atr_buffer': 0.1, 'use_m1_confirmation': False, 'session': 'london_ny', 'adx_min': 25.0, 'momentum_rr': 2.5, 'use_atr_expansion': False, 'body_mult': 1.5, 'max_wick_pct': 0.5, 'momentum_sl_atr_mult': 1.0}"
XAUUSDm,momentum,B_momo_london_ny_adx20_rr2.5_atrexp0,492,313,33.54632587859425,0.7624196107162744,-11.87942450775052,-13.224522582444179,-3.795343293211048,-0.15181373172844193,0.6361788617886179,-282.5978534858297,False,False,"{'strategy': 'momentum', 'variant': 'B_momo_london_ny_adx20_rr2.5_atrexp0', 'initial_balance': 10000.0, 'risk_pct': 0.0025, 'fee_rate': 0.0001, 'spread_atr_mult': 0.03, 'slippage_min_spread': 0.3, 'slippage_max_spread': 1.0, 'max_trades_per_day': 3, 'daily_loss_limit_pct': 0.03, 'max_hold_minutes': 720, 'seed': 42, 'sweep_lookback': 20, 'wick_body_min': 1.5, 'atr_percentile_min': 30.0, 'sweep_rr': 2.0, 'sl_atr_buffer': 0.1, 'use_m1_confirmation': False, 'session': 'london_ny', 'adx_min': 20.0, 'momentum_rr': 2.5, 'use_atr_expansion': False, 'body_mult': 1.5, 'max_wick_pct': 0.5, 'momentum_sl_atr_mult': 1.0}"
XAUUSDm,momentum,B_momo_london_ny_adx20_rr2_atrexp0,492,318,34.90566037735849,0.7599406235861731,-11.877732499518661,-13.376553038216162,-3.73513600613796,-0.1494054402455184,0.6463414634146342,-294.9154474541757,False,False,"{'strategy': 'momentum', 'variant': 'B_momo_london_ny_adx20_rr2_atrexp0', 'initial_balance': 10000.0, 'risk_pct': 0.0025, 'fee_rate': 0.0001, 'spread_atr_mult': 0.03, 'slippage_min_spread': 0.3, 'slippage_max_spread': 1.0, 'max_trades_per_day': 3, 'daily_loss_limit_pct': 0.03, 'max_hold_minutes': 720, 'seed': 42, 'sweep_lookback': 20, 'wick_body_min': 1.5, 'atr_percentile_min': 30.0, 'sweep_rr': 2.0, 'sl_atr_buffer': 0.1, 'use_m1_confirmation': False, 'session': 'london_ny', 'adx_min': 20.0, 'momentum_rr': 2.0, 'use_atr_expansion': False, 'body_mult': 1.5, 'max_wick_pct': 0.5, 'momentum_sl_atr_mult': 1.0}"
XAUUSDm,momentum,B_momo_london_adx25_rr1.5_atrexp1,492,54,37.03703703703704,0.7545854251823243,-2.14547323266881,-2.878033040928476,-3.973098579016319,-0.15892394316065273,0.10975609756097561,-105.16205370181788,False,False,"{'strategy': 'momentum', 'variant': 'B_momo_london_adx25_rr1.5_atrexp1', 'initial_balance': 10000.0, 'risk_pct': 0.0025, 'fee_rate': 0.0001, 'spread_atr_mult': 0.03, 'slippage_min_spread': 0.3, 'slippage_max_spread': 1.0, 'max_trades_per_day': 3, 'daily_loss_limit_pct': 0.03, 'max_hold_minutes': 720, 'seed': 42, 'sweep_lookback': 20, 'wick_body_min': 1.5, 'atr_percentile_min': 30.0, 'sweep_rr': 2.0, 'sl_atr_buffer': 0.1, 'use_m1_confirmation': False, 'session': 'london', 'adx_min': 25.0, 'momentum_rr': 1.5, 'use_atr_expansion': True, 'body_mult': 1.5, 'max_wick_pct': 0.5, 'momentum_sl_atr_mult': 1.0}"
XAUUSDm,momentum,B_momo_london_ny_adx20_rr2_atrexp1,492,234,36.75213675213676,0.7541221061055097,-8.487974224959526,-9.305416466704697,-3.627339412375875,-0.14509357649503501,0.47560975609756095,-178.31836530718468,False,False,"{'strategy': 'momentum', 'variant': 'B_momo_london_ny_adx20_rr2_atrexp1', 'initial_balance': 10000.0, 'risk_pct': 0.0025, 'fee_rate': 0.0001, 'spread_atr_mult': 0.03, 'slippage_min_spread': 0.3, 'slippage_max_spread': 1.0, 'max_trades_per_day': 3, 'daily_loss_limit_pct': 0.03, 'max_hold_minutes': 720, 'seed': 42, 'sweep_lookback': 20, 'wick_body_min': 1.5, 'atr_percentile_min': 30.0, 'sweep_rr': 2.0, 'sl_atr_buffer': 0.1, 'use_m1_confirmation': False, 'session': 'london_ny', 'adx_min': 20.0, 'momentum_rr': 2.0, 'use_atr_expansion': True, 'body_mult': 1.5, 'max_wick_pct': 0.5, 'momentum_sl_atr_mult': 1.0}"
XAUUSDm,momentum,B_momo_london_adx20_rr2.5_atrexp0,492,139,29.496402877697843,0.7338827453991716,-6.806364938379102,-8.627499375405112,-4.89666542329436,-0.1958666169317744,0.28252032520325204,-152.65212322311828,False,False,"{'strategy': 'momentum', 'variant': 'B_momo_london_adx20_rr2.5_atrexp0', 'initial_balance': 10000.0, 'risk_pct': 0.0025, 'fee_rate': 0.0001, 'spread_atr_mult': 0.03, 'slippage_min_spread': 0.3, 'slippage_max_spread': 1.0, 'max_trades_per_day': 3, 'daily_loss_limit_pct': 0.03, 'max_hold_minutes': 720, 'seed': 42, 'sweep_lookback': 20, 'wick_body_min': 1.5, 'atr_percentile_min': 30.0, 'sweep_rr': 2.0, 'sl_atr_buffer': 0.1, 'use_m1_confirmation': False, 'session': 'london', 'adx_min': 20.0, 'momentum_rr': 2.5, 'use_atr_expansion': False, 'body_mult': 1.5, 'max_wick_pct': 0.5, 'momentum_sl_atr_mult': 1.0}"
XAUUSDm,momentum,B_momo_ny_adx20_rr2.5_atrexp1,492,165,35.75757575757576,0.7302209337480816,-6.138092360215451,-7.715209241125417,-3.720055975888134,-0.14880223903552542,0.3353658536585366,-138.0414877105854,False,False,"{'strategy': 'momentum', 'variant': 'B_momo_ny_adx20_rr2.5_atrexp1', 'initial_balance': 10000.0, 'risk_pct': 0.0025, 'fee_rate': 0.0001, 'spread_atr_mult': 0.03, 'slippage_min_spread': 0.3, 'slippage_max_spread': 1.0, 'max_trades_per_day': 3, 'daily_loss_limit_pct': 0.03, 'max_hold_minutes': 720, 'seed': 42, 'sweep_lookback': 20, 'wick_body_min': 1.5, 'atr_percentile_min': 30.0, 'sweep_rr': 2.0, 'sl_atr_buffer': 0.1, 'use_m1_confirmation': False, 'session': 'ny', 'adx_min': 20.0, 'momentum_rr': 2.5, 'use_atr_expansion': True, 'body_mult': 1.5, 'max_wick_pct': 0.5, 'momentum_sl_atr_mult': 1.0}"
XAUUSDm,momentum,B_momo_london_adx25_rr2_atrexp0,492,92,29.347826086956523,0.7162848908371937,-4.738117063102636,-5.223378096927845,-5.150127242502786,-0.20600508970011147,0.18699186991869918,-117.96668763682224,False,False,"{'strategy': 'momentum', 'variant': 'B_momo_london_adx25_rr2_atrexp0', 'initial_balance': 10000.0, 'risk_pct': 0.0025, 'fee_rate': 0.0001, 'spread_atr_mult': 0.03, 'slippage_min_spread': 0.3, 'slippage_max_spread': 1.0, 'max_trades_per_day': 3, 'daily_loss_limit_pct': 0.03, 'max_hold_minutes': 720, 'seed': 42, 'sweep_lookback': 20, 'wick_body_min': 1.5, 'atr_percentile_min': 30.0, 'sweep_rr': 2.0, 'sl_atr_buffer': 0.1, 'use_m1_confirmation': False, 'session': 'london', 'adx_min': 25.0, 'momentum_rr': 2.0, 'use_atr_expansion': False, 'body_mult': 1.5, 'max_wick_pct': 0.5, 'momentum_sl_atr_mult': 1.0}"
XAUUSDm,momentum,B_momo_london_adx18_rr2_atrexp1,492,87,32.18390804597701,0.7073420530145701,-4.58131974198046,-5.181270933117344,-5.265884760897011,-0.21063539043588048,0.17682926829268292,-131.70180967588925,False,False,"{'strategy': 'momentum', 'variant': 'B_momo_london_adx18_rr2_atrexp1', 'initial_balance': 10000.0, 'risk_pct': 0.0025, 'fee_rate': 0.0001, 'spread_atr_mult': 0.03, 'slippage_min_spread': 0.3, 'slippage_max_spread': 1.0, 'max_trades_per_day': 3, 'daily_loss_limit_pct': 0.03, 'max_hold_minutes': 720, 'seed': 42, 'sweep_lookback': 20, 'wick_body_min': 1.5, 'atr_percentile_min': 30.0, 'sweep_rr': 2.0, 'sl_atr_buffer': 0.1, 'use_m1_confirmation': False, 'session': 'london', 'adx_min': 18.0, 'momentum_rr': 2.0, 'use_atr_expansion': True, 'body_mult': 1.5, 'max_wick_pct': 0.5, 'momentum_sl_atr_mult': 1.0}"
XAUUSDm,momentum,B_momo_ny_adx25_rr2.5_atrexp1,492,110,34.54545454545455,0.7044499003420713,-4.339178344496759,-5.844936563138569,-3.9447075859060585,-0.1577883034362423,0.22357723577235772,-153.52646162838494,False,False,"{'strategy': 'momentum', 'variant': 'B_momo_ny_adx25_rr2.5_atrexp1', 'initial_balance': 10000.0, 'risk_pct': 0.0025, 'fee_rate': 0.0001, 'spread_atr_mult': 0.03, 'slippage_min_spread': 0.3, 'slippage_max_spread': 1.0, 'max_trades_per_day': 3, 'daily_loss_limit_pct': 0.03, 'max_hold_minutes': 720, 'seed': 42, 'sweep_lookback': 20, 'wick_body_min': 1.5, 'atr_percentile_min': 30.0, 'sweep_rr': 2.0, 'sl_atr_buffer': 0.1, 'use_m1_confirmation': False, 'session': 'ny', 'adx_min': 25.0, 'momentum_rr': 2.5, 'use_atr_expansion': True, 'body_mult': 1.5, 'max_wick_pct': 0.5, 'momentum_sl_atr_mult': 1.0}"
XAUUSDm,momentum,B_momo_london_adx18_rr1.5_atrexp1,492,88,36.36363636363637,0.6910361413634196,-4.586254599333425,-5.171036921338655,-5.211652953788049,-0.20846611815152197,0.17886178861788618,-131.70248840640002,False,False,"{'strategy': 'momentum', 'variant': 'B_momo_london_adx18_rr1.5_atrexp1', 'initial_balance': 10000.0, 'risk_pct': 0.0025, 'fee_rate': 0.0001, 'spread_atr_mult': 0.03, 'slippage_min_spread': 0.3, 'slippage_max_spread': 1.0, 'max_trades_per_day': 3, 'daily_loss_limit_pct': 0.03, 'max_hold_minutes': 720, 'seed': 42, 'sweep_lookback': 20, 'wick_body_min': 1.5, 'atr_percentile_min': 30.0, 'sweep_rr': 2.0, 'sl_atr_buffer': 0.1, 'use_m1_confirmation': False, 'session': 'london', 'adx_min': 18.0, 'momentum_rr': 1.5, 'use_atr_expansion': True, 'body_mult': 1.5, 'max_wick_pct': 0.5, 'momentum_sl_atr_mult': 1.0}"
XAUUSDm,momentum,B_momo_london_adx20_rr2_atrexp1,492,76,32.89473684210527,0.6897794440478537,-4.193085706848324,-5.000033677118738,-5.517218035326592,-0.22068872141306364,0.15447154471544716,-131.6922167343228,False,False,"{'strategy': 'momentum', 'variant': 'B_momo_london_adx20_rr2_atrexp1', 'initial_balance': 10000.0, 'risk_pct': 0.0025, 'fee_rate': 0.0001, 'spread_atr_mult': 0.03, 'slippage_min_spread': 0.3, 'slippage_max_spread': 1.0, 'max_trades_per_day': 3, 'daily_loss_limit_pct': 0.03, 'max_hold_minutes': 720, 'seed': 42, 'sweep_lookback': 20, 'wick_body_min': 1.5, 'atr_percentile_min': 30.0, 'sweep_rr': 2.0, 'sl_atr_buffer': 0.1, 'use_m1_confirmation': False, 'session': 'london', 'adx_min': 20.0, 'momentum_rr': 2.0, 'use_atr_expansion': True, 'body_mult': 1.5, 'max_wick_pct': 0.5, 'momentum_sl_atr_mult': 1.0}"
XAUUSDm,momentum,B_momo_london_adx20_rr1.5_atrexp1,492,76,36.84210526315789,0.6812214694547346,-4.050483342018997,-4.533968068002432,-5.329583344761693,-0.21318333379046772,0.15447154471544716,-131.6922167343228,False,False,"{'strategy': 'momentum', 'variant': 'B_momo_london_adx20_rr1.5_atrexp1', 'initial_balance': 10000.0, 'risk_pct': 0.0025, 'fee_rate': 0.0001, 'spread_atr_mult': 0.03, 'slippage_min_spread': 0.3, 'slippage_max_spread': 1.0, 'max_trades_per_day': 3, 'daily_loss_limit_pct': 0.03, 'max_hold_minutes': 720, 'seed': 42, 'sweep_lookback': 20, 'wick_body_min': 1.5, 'atr_percentile_min': 30.0, 'sweep_rr': 2.0, 'sl_atr_buffer': 0.1, 'use_m1_confirmation': False, 'session': 'london', 'adx_min': 20.0, 'momentum_rr': 1.5, 'use_atr_expansion': True, 'body_mult': 1.5, 'max_wick_pct': 0.5, 'momentum_sl_atr_mult': 1.0}"
XAUUSDm,momentum,B_momo_london_adx25_rr1.5_atrexp0,492,92,33.69565217391305,0.6789004093689958,-5.0850872865733985,-5.445335820398613,-5.52726878975373,-0.22109075159014924,0.18699186991869918,-130.46543763682223,False,False,"{'strategy': 'momentum', 'variant': 'B_momo_london_adx25_rr1.5_atrexp0', 'initial_balance': 10000.0, 'risk_pct': 0.0025, 'fee_rate': 0.0001, 'spread_atr_mult': 0.03, 'slippage_min_spread': 0.3, 'slippage_max_spread': 1.0, 'max_trades_per_day': 3, 'daily_loss_limit_pct': 0.03, 'max_hold_minutes': 720, 'seed': 42, 'sweep_lookback': 20, 'wick_body_min': 1.5, 'atr_percentile_min': 30.0, 'sweep_rr': 2.0, 'sl_atr_buffer': 0.1, 'use_m1_confirmation': False, 'session': 'london', 'adx_min': 25.0, 'momentum_rr': 1.5, 'use_atr_expansion': False, 'body_mult': 1.5, 'max_wick_pct': 0.5, 'momentum_sl_atr_mult': 1.0}"
XAUUSDm,momentum,B_momo_london_adx18_rr2.5_atrexp0,492,158,27.21518987341772,0.6706621596007498,-9.911821852658377,-11.438460254061003,-6.273304970036882,-0.2509321988014753,0.32113821138211385,-155.56233286912226,False,False,"{'strategy': 'momentum', 'variant': 'B_momo_london_adx18_rr2.5_atrexp0', 'initial_balance': 10000.0, 'risk_pct': 0.0025, 'fee_rate': 0.0001, 'spread_atr_mult': 0.03, 'slippage_min_spread': 0.3, 'slippage_max_spread': 1.0, 'max_trades_per_day': 3, 'daily_loss_limit_pct': 0.03, 'max_hold_minutes': 720, 'seed': 42, 'sweep_lookback': 20, 'wick_body_min': 1.5, 'atr_percentile_min': 30.0, 'sweep_rr': 2.0, 'sl_atr_buffer': 0.1, 'use_m1_confirmation': False, 'session': 'london', 'adx_min': 18.0, 'momentum_rr': 2.5, 'use_atr_expansion': False, 'body_mult': 1.5, 'max_wick_pct': 0.5, 'momentum_sl_atr_mult': 1.0}"
XAUUSDm,momentum,B_momo_london_adx20_rr2_atrexp0,492,139,30.215827338129497,0.665361250613581,-8.471961979113129,-9.510452807003215,-6.094936675621022,-0.2437974670248409,0.28252032520325204,-165.15337322311828,False,False,"{'strategy': 'momentum', 'variant': 'B_momo_london_adx20_rr2_atrexp0', 'initial_balance': 10000.0, 'risk_pct': 0.0025, 'fee_rate': 0.0001, 'spread_atr_mult': 0.03, 'slippage_min_spread': 0.3, 'slippage_max_spread': 1.0, 'max_trades_per_day': 3, 'daily_loss_limit_pct': 0.03, 'max_hold_minutes': 720, 'seed': 42, 'sweep_lookback': 20, 'wick_body_min': 1.5, 'atr_percentile_min': 30.0, 'sweep_rr': 2.0, 'sl_atr_buffer': 0.1, 'use_m1_confirmation': False, 'session': 'london', 'adx_min': 20.0, 'momentum_rr': 2.0, 'use_atr_expansion': False, 'body_mult': 1.5, 'max_wick_pct': 0.5, 'momentum_sl_atr_mult': 1.0}"
XAUUSDm,momentum,B_momo_london_adx18_rr2_atrexp0,492,158,29.11392405063291,0.651403365612519,-10.211620701539395,-10.97903235439062,-6.463051076923554,-0.25852204307694215,0.32113821138211385,-180.5623328691209,False,False,"{'strategy': 'momentum', 'variant': 'B_momo_london_adx18_rr2_atrexp0', 'initial_balance': 10000.0, 'risk_pct': 0.0025, 'fee_rate': 0.0001, 'spread_atr_mult': 0.03, 'slippage_min_spread': 0.3, 'slippage_max_spread': 1.0, 'max_trades_per_day': 3, 'daily_loss_limit_pct': 0.03, 'max_hold_minutes': 720, 'seed': 42, 'sweep_lookback': 20, 'wick_body_min': 1.5, 'atr_percentile_min': 30.0, 'sweep_rr': 2.0, 'sl_atr_buffer': 0.1, 'use_m1_confirmation': False, 'session': 'london', 'adx_min': 18.0, 'momentum_rr': 2.0, 'use_atr_expansion': False, 'body_mult': 1.5, 'max_wick_pct': 0.5, 'momentum_sl_atr_mult': 1.0}"
XAUUSDm,momentum,B_momo_london_adx20_rr1.5_atrexp0,492,139,33.81294964028777,0.6365088004849743,-8.785992223073027,-9.678810017400135,-6.320857714441058,-0.25283430857764216,0.28252032520325204,-177.65462322311828,False,False,"{'strategy': 'momentum', 'variant': 'B_momo_london_adx20_rr1.5_atrexp0', 'initial_balance': 10000.0, 'risk_pct': 0.0025, 'fee_rate': 0.0001, 'spread_atr_mult': 0.03, 'slippage_min_spread': 0.3, 'slippage_max_spread': 1.0, 'max_trades_per_day': 3, 'daily_loss_limit_pct': 0.03, 'max_hold_minutes': 720, 'seed': 42, 'sweep_lookback': 20, 'wick_body_min': 1.5, 'atr_percentile_min': 30.0, 'sweep_rr': 2.0, 'sl_atr_buffer': 0.1, 'use_m1_confirmation': False, 'session': 'london', 'adx_min': 20.0, 'momentum_rr': 1.5, 'use_atr_expansion': False, 'body_mult': 1.5, 'max_wick_pct': 0.5, 'momentum_sl_atr_mult': 1.0}"
XAUUSDm,momentum,B_momo_london_adx18_rr1.5_atrexp0,492,160,33.125,0.6291324163612318,-10.431158159715778,-11.888413327107262,-6.5194738498223925,-0.26077895399289575,0.3252032520325203,-205.53194737571442,False,False,"{'strategy': 'momentum', 'variant': 'B_momo_london_adx18_rr1.5_atrexp0', 'initial_balance': 10000.0, 'risk_pct': 0.0025, 'fee_rate': 0.0001, 'spread_atr_mult': 0.03, 'slippage_min_spread': 0.3, 'slippage_max_spread': 1.0, 'max_trades_per_day': 3, 'daily_loss_limit_pct': 0.03, 'max_hold_minutes': 720, 'seed': 42, 'sweep_lookback': 20, 'wick_body_min': 1.5, 'atr_percentile_min': 30.0, 'sweep_rr': 2.0, 'sl_atr_buffer': 0.1, 'use_m1_confirmation': False, 'session': 'london', 'adx_min': 18.0, 'momentum_rr': 1.5, 'use_atr_expansion': False, 'body_mult': 1.5, 'max_wick_pct': 0.5, 'momentum_sl_atr_mult': 1.0}"
XAUUSDm,sweep,A_sweep_lb30_wick1.5_rr2_atr40,492,1054,31.688804554079695,0.6073803889814142,-92.58482910560483,-92.64041980958193,-8.784139383833487,-0.35136557535333945,2.1422764227642275,-1313.6669388614043,False,False,"{'strategy': 'sweep', 'variant': 'A_sweep_lb30_wick1.5_rr2_atr40', 'initial_balance': 10000.0, 'risk_pct': 0.0025, 'fee_rate': 0.0001, 'spread_atr_mult': 0.03, 'slippage_min_spread': 0.3, 'slippage_max_spread': 1.0, 'max_trades_per_day': 3, 'daily_loss_limit_pct': 0.03, 'max_hold_minutes': 720, 'seed': 42, 'sweep_lookback': 30, 'wick_body_min': 1.5, 'atr_percentile_min': 40.0, 'sweep_rr': 2.0, 'sl_atr_buffer': 0.1, 'use_m1_confirmation': False, 'session': 'london_ny', 'adx_min': 20.0, 'momentum_rr': 2.0, 'use_atr_expansion': True, 'body_mult': 1.5, 'max_wick_pct': 0.5, 'momentum_sl_atr_mult': 1.0}"
XAUUSDm,sweep,A_sweep_lb30_wick1.2_rr2_atr40,492,1067,31.115276476101215,0.5922474505633221,-98.27643036492984,-99.01763872882981,-9.210537053882838,-0.36842148215531356,2.1686991869918697,-1199.2759160853034,False,False,"{'strategy': 'sweep', 'variant': 'A_sweep_lb30_wick1.2_rr2_atr40', 'initial_balance': 10000.0, 'risk_pct': 0.0025, 'fee_rate': 0.0001, 'spread_atr_mult': 0.03, 'slippage_min_spread': 0.3, 'slippage_max_spread': 1.0, 'max_trades_per_day': 3, 'daily_loss_limit_pct': 0.03, 'max_hold_minutes': 720, 'seed': 42, 'sweep_lookback': 30, 'wick_body_min': 1.2, 'atr_percentile_min': 40.0, 'sweep_rr': 2.0, 'sl_atr_buffer': 0.1, 'use_m1_confirmation': False, 'session': 'london_ny', 'adx_min': 20.0, 'momentum_rr': 2.0, 'use_atr_expansion': True, 'body_mult': 1.5, 'max_wick_pct': 0.5, 'momentum_sl_atr_mult': 1.0}"
XAUUSDm,sweep,A_sweep_lb20_wick1.5_rr2_atr40,492,1067,30.927835051546392,0.5828356776162139,-101.32549416667625,-101.51507159624202,-9.496297485161792,-0.3798518994064718,2.1686991869918697,-1399.1806879611236,False,False,"{'strategy': 'sweep', 'variant': 'A_sweep_lb20_wick1.5_rr2_atr40', 'initial_balance': 10000.0, 'risk_pct': 0.0025, 'fee_rate': 0.0001, 'spread_atr_mult': 0.03, 'slippage_min_spread': 0.3, 'slippage_max_spread': 1.0, 'max_trades_per_day': 3, 'daily_loss_limit_pct': 0.03, 'max_hold_minutes': 720, 'seed': 42, 'sweep_lookback': 20, 'wick_body_min': 1.5, 'atr_percentile_min': 40.0, 'sweep_rr': 2.0, 'sl_atr_buffer': 0.1, 'use_m1_confirmation': False, 'session': 'london_ny', 'adx_min': 20.0, 'momentum_rr': 2.0, 'use_atr_expansion': True, 'body_mult': 1.5, 'max_wick_pct': 0.5, 'momentum_sl_atr_mult': 1.0}"
XAUUSDm,sweep,A_sweep_lb20_wick1.2_rr2_atr40,492,1078,30.612244897959183,0.5777949822915533,-103.50143475300855,-103.97536963127925,-9.601246266512861,-0.3840498506605145,2.1910569105691056,-1262.5964587519668,False,False,"{'strategy': 'sweep', 'variant': 'A_sweep_lb20_wick1.2_rr2_atr40', 'initial_balance': 10000.0, 'risk_pct': 0.0025, 'fee_rate': 0.0001, 'spread_atr_mult': 0.03, 'slippage_min_spread': 0.3, 'slippage_max_spread': 1.0, 'max_trades_per_day': 3, 'daily_loss_limit_pct': 0.03, 'max_hold_minutes': 720, 'seed': 42, 'sweep_lookback': 20, 'wick_body_min': 1.2, 'atr_percentile_min': 40.0, 'sweep_rr': 2.0, 'sl_atr_buffer': 0.1, 'use_m1_confirmation': False, 'session': 'london_ny', 'adx_min': 20.0, 'momentum_rr': 2.0, 'use_atr_expansion': True, 'body_mult': 1.5, 'max_wick_pct': 0.5, 'momentum_sl_atr_mult': 1.0}"
XAUUSDm,sweep,A_sweep_lb30_wick2_rr2_atr40,492,1031,30.358874878758485,0.5725475726045203,-99.95852050981894,-100.37149916532925,-9.695297818605134,-0.38781191274420534,2.095528455284553,-1259.643461334853,False,False,"{'strategy': 'sweep', 'variant': 'A_sweep_lb30_wick2_rr2_atr40', 'initial_balance': 10000.0, 'risk_pct': 0.0025, 'fee_rate': 0.0001, 'spread_atr_mult': 0.03, 'slippage_min_spread': 0.3, 'slippage_max_spread': 1.0, 'max_trades_per_day': 3, 'daily_loss_limit_pct': 0.03, 'max_hold_minutes': 720, 'seed': 42, 'sweep_lookback': 30, 'wick_body_min': 2.0, 'atr_percentile_min': 40.0, 'sweep_rr': 2.0, 'sl_atr_buffer': 0.1, 'use_m1_confirmation': False, 'session': 'london_ny', 'adx_min': 20.0, 'momentum_rr': 2.0, 'use_atr_expansion': True, 'body_mult': 1.5, 'max_wick_pct': 0.5, 'momentum_sl_atr_mult': 1.0}"
XAUUSDm,sweep,A_sweep_lb30_wick1.5_rr2_atr30,492,1070,30.467289719626166,0.5675351022158371,-105.73425278447117,-105.70057816985252,-9.881705867707588,-0.39526823470830347,2.1747967479674797,-1266.017971454341,False,False,"{'strategy': 'sweep', 'variant': 'A_sweep_lb30_wick1.5_rr2_atr30', 'initial_balance': 10000.0, 'risk_pct': 0.0025, 'fee_rate': 0.0001, 'spread_atr_mult': 0.03, 'slippage_min_spread': 0.3, 'slippage_max_spread': 1.0, 'max_trades_per_day': 3, 'daily_loss_limit_pct': 0.03, 'max_hold_minutes': 720, 'seed': 42, 'sweep_lookback': 30, 'wick_body_min': 1.5, 'atr_percentile_min': 30.0, 'sweep_rr': 2.0, 'sl_atr_buffer': 0.1, 'use_m1_confirmation': False, 'session': 'london_ny', 'adx_min': 20.0, 'momentum_rr': 2.0, 'use_atr_expansion': True, 'body_mult': 1.5, 'max_wick_pct': 0.5, 'momentum_sl_atr_mult': 1.0}"
XAUUSDm,sweep,A_sweep_lb30_wick1.2_rr2_atr30,492,1082,30.129390018484287,0.5614329180616157,-109.08583280543478,-109.05534722517775,-10.081869945049421,-0.40327479780197684,2.1991869918699187,-1285.4085409922384,False,False,"{'strategy': 'sweep', 'variant': 'A_sweep_lb30_wick1.2_rr2_atr30', 'initial_balance': 10000.0, 'risk_pct': 0.0025, 'fee_rate': 0.0001, 'spread_atr_mult': 0.03, 'slippage_min_spread': 0.3, 'slippage_max_spread': 1.0, 'max_trades_per_day': 3, 'daily_loss_limit_pct': 0.03, 'max_hold_minutes': 720, 'seed': 42, 'sweep_lookback': 30, 'wick_body_min': 1.2, 'atr_percentile_min': 30.0, 'sweep_rr': 2.0, 'sl_atr_buffer': 0.1, 'use_m1_confirmation': False, 'session': 'london_ny', 'adx_min': 20.0, 'momentum_rr': 2.0, 'use_atr_expansion': True, 'body_mult': 1.5, 'max_wick_pct': 0.5, 'momentum_sl_atr_mult': 1.0}"
XAUUSDm,sweep,A_sweep_lb20_wick2_rr2_atr40,492,1054,29.98102466793169,0.5559786438235869,-107.65712097360762,-108.07289056326542,-10.21414809996277,-0.4085659239985107,2.1422764227642275,-1281.386660749878,False,False,"{'strategy': 'sweep', 'variant': 'A_sweep_lb20_wick2_rr2_atr40', 'initial_balance': 10000.0, 'risk_pct': 0.0025, 'fee_rate': 0.0001, 'spread_atr_mult': 0.03, 'slippage_min_spread': 0.3, 'slippage_max_spread': 1.0, 'max_trades_per_day': 3, 'daily_loss_limit_pct': 0.03, 'max_hold_minutes': 720, 'seed': 42, 'sweep_lookback': 20, 'wick_body_min': 2.0, 'atr_percentile_min': 40.0, 'sweep_rr': 2.0, 'sl_atr_buffer': 0.1, 'use_m1_confirmation': False, 'session': 'london_ny', 'adx_min': 20.0, 'momentum_rr': 2.0, 'use_atr_expansion': True, 'body_mult': 1.5, 'max_wick_pct': 0.5, 'momentum_sl_atr_mult': 1.0}"
XAUUSDm,sweep,A_sweep_lb30_wick2_rr2_atr30,492,1050,30.0,0.5556986064949648,-106.6316264965981,-106.99135904640448,-10.15539299967602,-0.4062157199870407,2.1341463414634148,-1294.306699858567,False,False,"{'strategy': 'sweep', 'variant': 'A_sweep_lb30_wick2_rr2_atr30', 'initial_balance': 10000.0, 'risk_pct': 0.0025, 'fee_rate': 0.0001, 'spread_atr_mult': 0.03, 'slippage_min_spread': 0.3, 'slippage_max_spread': 1.0, 'max_trades_per_day': 3, 'daily_loss_limit_pct': 0.03, 'max_hold_minutes': 720, 'seed': 42, 'sweep_lookback': 30, 'wick_body_min': 2.0, 'atr_percentile_min': 30.0, 'sweep_rr': 2.0, 'sl_atr_buffer': 0.1, 'use_m1_confirmation': False, 'session': 'london_ny', 'adx_min': 20.0, 'momentum_rr': 2.0, 'use_atr_expansion': True, 'body_mult': 1.5, 'max_wick_pct': 0.5, 'momentum_sl_atr_mult': 1.0}"
XAUUSDm,sweep,A_sweep_lb30_wick1.5_rr2_atr20,492,1082,29.852125693160815,0.548702571075657,-112.88697723281327,-112.81129797551064,-10.433177193420828,-0.4173270877368331,2.1991869918699187,-1212.8819223007313,False,False,"{'strategy': 'sweep', 'variant': 'A_sweep_lb30_wick1.5_rr2_atr20', 'initial_balance': 10000.0, 'risk_pct': 0.0025, 'fee_rate': 0.0001, 'spread_atr_mult': 0.03, 'slippage_min_spread': 0.3, 'slippage_max_spread': 1.0, 'max_trades_per_day': 3, 'daily_loss_limit_pct': 0.03, 'max_hold_minutes': 720, 'seed': 42, 'sweep_lookback': 30, 'wick_body_min': 1.5, 'atr_percentile_min': 20.0, 'sweep_rr': 2.0, 'sl_atr_buffer': 0.1, 'use_m1_confirmation': False, 'session': 'london_ny', 'adx_min': 20.0, 'momentum_rr': 2.0, 'use_atr_expansion': True, 'body_mult': 1.5, 'max_wick_pct': 0.5, 'momentum_sl_atr_mult': 1.0}"
XAUUSDm,sweep,A_sweep_lb30_wick1.2_rr2_atr20,492,1093,29.826166514181153,0.5481336945357129,-114.27399127587117,-114.21256767425103,-10.455076969430115,-0.41820307877720464,2.2215447154471546,-1430.8375804802022,False,False,"{'strategy': 'sweep', 'variant': 'A_sweep_lb30_wick1.2_rr2_atr20', 'initial_balance': 10000.0, 'risk_pct': 0.0025, 'fee_rate': 0.0001, 'spread_atr_mult': 0.03, 'slippage_min_spread': 0.3, 'slippage_max_spread': 1.0, 'max_trades_per_day': 3, 'daily_loss_limit_pct': 0.03, 'max_hold_minutes': 720, 'seed': 42, 'sweep_lookback': 30, 'wick_body_min': 1.2, 'atr_percentile_min': 20.0, 'sweep_rr': 2.0, 'sl_atr_buffer': 0.1, 'use_m1_confirmation': False, 'session': 'london_ny', 'adx_min': 20.0, 'momentum_rr': 2.0, 'use_atr_expansion': True, 'body_mult': 1.5, 'max_wick_pct': 0.5, 'momentum_sl_atr_mult': 1.0}"
XAUUSDm,sweep,A_sweep_lb10_wick1.2_rr2_atr30,492,1107,29.81029810298103,0.5460693897096164,-115.49141740809151,-115.51474555402739,-10.432829034154599,-0.4173131613661839,2.25,-1477.6130785634382,False,False,"{'strategy': 'sweep', 'variant': 'A_sweep_lb10_wick1.2_rr2_atr30', 'initial_balance': 10000.0, 'risk_pct': 0.0025, 'fee_rate': 0.0001, 'spread_atr_mult': 0.03, 'slippage_min_spread': 0.3, 'slippage_max_spread': 1.0, 'max_trades_per_day': 3, 'daily_loss_limit_pct': 0.03, 'max_hold_minutes': 720, 'seed': 42, 'sweep_lookback': 10, 'wick_body_min': 1.2, 'atr_percentile_min': 30.0, 'sweep_rr': 2.0, 'sl_atr_buffer': 0.1, 'use_m1_confirmation': False, 'session': 'london_ny', 'adx_min': 20.0, 'momentum_rr': 2.0, 'use_atr_expansion': True, 'body_mult': 1.5, 'max_wick_pct': 0.5, 'momentum_sl_atr_mult': 1.0}"
XAUUSDm,sweep,A_sweep_lb10_wick1.2_rr2_atr40,492,1095,29.589041095890412,0.5457378664129262,-114.31629557270956,-114.31629557270956,-10.439844344539683,-0.4175937737815873,2.225609756097561,-1641.1449650003633,False,False,"{'strategy': 'sweep', 'variant': 'A_sweep_lb10_wick1.2_rr2_atr40', 'initial_balance': 10000.0, 'risk_pct': 0.0025, 'fee_rate': 0.0001, 'spread_atr_mult': 0.03, 'slippage_min_spread': 0.3, 'slippage_max_spread': 1.0, 'max_trades_per_day': 3, 'daily_loss_limit_pct': 0.03, 'max_hold_minutes': 720, 'seed': 42, 'sweep_lookback': 10, 'wick_body_min': 1.2, 'atr_percentile_min': 40.0, 'sweep_rr': 2.0, 'sl_atr_buffer': 0.1, 'use_m1_confirmation': False, 'session': 'london_ny', 'adx_min': 20.0, 'momentum_rr': 2.0, 'use_atr_expansion': True, 'body_mult': 1.5, 'max_wick_pct': 0.5, 'momentum_sl_atr_mult': 1.0}"
XAUUSDm,sweep,A_sweep_lb20_wick1.2_rr2_atr20,492,1097,29.626253418413857,0.540460863304158,-116.78574190598773,-116.80638929757711,-10.645919954966965,-0.4258367981986786,2.2296747967479673,-1390.3228141215004,False,False,"{'strategy': 'sweep', 'variant': 'A_sweep_lb20_wick1.2_rr2_atr20', 'initial_balance': 10000.0, 'risk_pct': 0.0025, 'fee_rate': 0.0001, 'spread_atr_mult': 0.03, 'slippage_min_spread': 0.3, 'slippage_max_spread': 1.0, 'max_trades_per_day': 3, 'daily_loss_limit_pct': 0.03, 'max_hold_minutes': 720, 'seed': 42, 'sweep_lookback': 20, 'wick_body_min': 1.2, 'atr_percentile_min': 20.0, 'sweep_rr': 2.0, 'sl_atr_buffer': 0.1, 'use_m1_confirmation': False, 'session': 'london_ny', 'adx_min': 20.0, 'momentum_rr': 2.0, 'use_atr_expansion': True, 'body_mult': 1.5, 'max_wick_pct': 0.5, 'momentum_sl_atr_mult': 1.0}"
XAUUSDm,sweep,A_sweep_lb10_wick1.2_rr2_atr20,492,1116,29.659498207885303,0.536331318378382,-119.4789763864122,-119.4789763864122,-10.706001468316513,-0.4282400587326605,2.268292682926829,-1253.4932886343774,False,False,"{'strategy': 'sweep', 'variant': 'A_sweep_lb10_wick1.2_rr2_atr20', 'initial_balance': 10000.0, 'risk_pct': 0.0025, 'fee_rate': 0.0001, 'spread_atr_mult': 0.03, 'slippage_min_spread': 0.3, 'slippage_max_spread': 1.0, 'max_trades_per_day': 3, 'daily_loss_limit_pct': 0.03, 'max_hold_minutes': 720, 'seed': 42, 'sweep_lookback': 10, 'wick_body_min': 1.2, 'atr_percentile_min': 20.0, 'sweep_rr': 2.0, 'sl_atr_buffer': 0.1, 'use_m1_confirmation': False, 'session': 'london_ny', 'adx_min': 20.0, 'momentum_rr': 2.0, 'use_atr_expansion': True, 'body_mult': 1.5, 'max_wick_pct': 0.5, 'momentum_sl_atr_mult': 1.0}"
XAUUSDm,sweep,A_sweep_lb10_wick1.5_rr2_atr40,492,1088,29.31985294117647,0.5356955763134833,-117.01512532494418,-117.01512532494418,-10.75506666589562,-0.43020266663582485,2.2113821138211383,-1864.773630511013,False,False,"{'strategy': 'sweep', 'variant': 'A_sweep_lb10_wick1.5_rr2_atr40', 'initial_balance': 10000.0, 'risk_pct': 0.0025, 'fee_rate': 0.0001, 'spread_atr_mult': 0.03, 'slippage_min_spread': 0.3, 'slippage_max_spread': 1.0, 'max_trades_per_day': 3, 'daily_loss_limit_pct': 0.03, 'max_hold_minutes': 720, 'seed': 42, 'sweep_lookback': 10, 'wick_body_min': 1.5, 'atr_percentile_min': 40.0, 'sweep_rr': 2.0, 'sl_atr_buffer': 0.1, 'use_m1_confirmation': False, 'session': 'london_ny', 'adx_min': 20.0, 'momentum_rr': 2.0, 'use_atr_expansion': True, 'body_mult': 1.5, 'max_wick_pct': 0.5, 'momentum_sl_atr_mult': 1.0}"
XAUUSDm,sweep,A_sweep_lb30_wick1.5_rr1.5_atr40,492,1055,36.39810426540284,0.5332706438225651,-102.79666162494235,-102.76990955335152,-9.74375939572915,-0.38975037582916594,2.144308943089431,-1202.2910489321105,False,False,"{'strategy': 'sweep', 'variant': 'A_sweep_lb30_wick1.5_rr1.5_atr40', 'initial_balance': 10000.0, 'risk_pct': 0.0025, 'fee_rate': 0.0001, 'spread_atr_mult': 0.03, 'slippage_min_spread': 0.3, 'slippage_max_spread': 1.0, 'max_trades_per_day': 3, 'daily_loss_limit_pct': 0.03, 'max_hold_minutes': 720, 'seed': 42, 'sweep_lookback': 30, 'wick_body_min': 1.5, 'atr_percentile_min': 40.0, 'sweep_rr': 1.5, 'sl_atr_buffer': 0.1, 'use_m1_confirmation': False, 'session': 'london_ny', 'adx_min': 20.0, 'momentum_rr': 2.0, 'use_atr_expansion': True, 'body_mult': 1.5, 'max_wick_pct': 0.5, 'momentum_sl_atr_mult': 1.0}"
XAUUSDm,sweep,A_sweep_lb20_wick1.5_rr2_atr30,492,1080,29.166666666666668,0.5326289667277678,-118.19045928190477,-118.19045928190477,-10.94356104462081,-0.43774244178483235,2.1951219512195124,-1515.9512124883724,False,False,"{'strategy': 'sweep', 'variant': 'A_sweep_lb20_wick1.5_rr2_atr30', 'initial_balance': 10000.0, 'risk_pct': 0.0025, 'fee_rate': 0.0001, 'spread_atr_mult': 0.03, 'slippage_min_spread': 0.3, 'slippage_max_spread': 1.0, 'max_trades_per_day': 3, 'daily_loss_limit_pct': 0.03, 'max_hold_minutes': 720, 'seed': 42, 'sweep_lookback': 20, 'wick_body_min': 1.5, 'atr_percentile_min': 30.0, 'sweep_rr': 2.0, 'sl_atr_buffer': 0.1, 'use_m1_confirmation': False, 'session': 'london_ny', 'adx_min': 20.0, 'momentum_rr': 2.0, 'use_atr_expansion': True, 'body_mult': 1.5, 'max_wick_pct': 0.5, 'momentum_sl_atr_mult': 1.0}"
XAUUSDm,sweep,A_sweep_lb30_wick2_rr2_atr20,492,1071,29.225023342670404,0.5320184082890943,-116.53624986789704,-116.81867407901343,-10.881069081969857,-0.4352427632787943,2.176829268292683,-1227.1417453048075,False,False,"{'strategy': 'sweep', 'variant': 'A_sweep_lb30_wick2_rr2_atr20', 'initial_balance': 10000.0, 'risk_pct': 0.0025, 'fee_rate': 0.0001, 'spread_atr_mult': 0.03, 'slippage_min_spread': 0.3, 'slippage_max_spread': 1.0, 'max_trades_per_day': 3, 'daily_loss_limit_pct': 0.03, 'max_hold_minutes': 720, 'seed': 42, 'sweep_lookback': 30, 'wick_body_min': 2.0, 'atr_percentile_min': 20.0, 'sweep_rr': 2.0, 'sl_atr_buffer': 0.1, 'use_m1_confirmation': False, 'session': 'london_ny', 'adx_min': 20.0, 'momentum_rr': 2.0, 'use_atr_expansion': True, 'body_mult': 1.5, 'max_wick_pct': 0.5, 'momentum_sl_atr_mult': 1.0}"
XAUUSDm,sweep,A_sweep_lb20_wick1.5_rr2_atr20,492,1089,29.10927456382002,0.5232891589204999,-121.90906804760304,-121.90906804760304,-11.19458843412332,-0.4477835373649329,2.2134146341463414,-1498.997295039123,False,False,"{'strategy': 'sweep', 'variant': 'A_sweep_lb20_wick1.5_rr2_atr20', 'initial_balance': 10000.0, 'risk_pct': 0.0025, 'fee_rate': 0.0001, 'spread_atr_mult': 0.03, 'slippage_min_spread': 0.3, 'slippage_max_spread': 1.0, 'max_trades_per_day': 3, 'daily_loss_limit_pct': 0.03, 'max_hold_minutes': 720, 'seed': 42, 'sweep_lookback': 20, 'wick_body_min': 1.5, 'atr_percentile_min': 20.0, 'sweep_rr': 2.0, 'sl_atr_buffer': 0.1, 'use_m1_confirmation': False, 'session': 'london_ny', 'adx_min': 20.0, 'momentum_rr': 2.0, 'use_atr_expansion': True, 'body_mult': 1.5, 'max_wick_pct': 0.5, 'momentum_sl_atr_mult': 1.0}"
XAUUSDm,sweep,A_sweep_lb20_wick1.5_rr1.5_atr40,492,1067,36.08247422680412,0.5219753902523718,-107.76655629679766,-107.76655629679766,-10.099958415819847,-0.4039983366327938,2.1686991869918697,-1261.6869379611219,False,False,"{'strategy': 'sweep', 'variant': 'A_sweep_lb20_wick1.5_rr1.5_atr40', 'initial_balance': 10000.0, 'risk_pct': 0.0025, 'fee_rate': 0.0001, 'spread_atr_mult': 0.03, 'slippage_min_spread': 0.3, 'slippage_max_spread': 1.0, 'max_trades_per_day': 3, 'daily_loss_limit_pct': 0.03, 'max_hold_minutes': 720, 'seed': 42, 'sweep_lookback': 20, 'wick_body_min': 1.5, 'atr_percentile_min': 40.0, 'sweep_rr': 1.5, 'sl_atr_buffer': 0.1, 'use_m1_confirmation': False, 'session': 'london_ny', 'adx_min': 20.0, 'momentum_rr': 2.0, 'use_atr_expansion': True, 'body_mult': 1.5, 'max_wick_pct': 0.5, 'momentum_sl_atr_mult': 1.0}"
XAUUSDm,sweep,A_sweep_lb20_wick2_rr2_atr20,492,1079,29.008341056533826,0.520129423635093,-121.47851296440611,-121.89582748587735,-11.258434936460265,-0.4503373974584106,2.1930894308943087,-1248.7950082093964,False,False,"{'strategy': 'sweep', 'variant': 'A_sweep_lb20_wick2_rr2_atr20', 'initial_balance': 10000.0, 'risk_pct': 0.0025, 'fee_rate': 0.0001, 'spread_atr_mult': 0.03, 'slippage_min_spread': 0.3, 'slippage_max_spread': 1.0, 'max_trades_per_day': 3, 'daily_loss_limit_pct': 0.03, 'max_hold_minutes': 720, 'seed': 42, 'sweep_lookback': 20, 'wick_body_min': 2.0, 'atr_percentile_min': 20.0, 'sweep_rr': 2.0, 'sl_atr_buffer': 0.1, 'use_m1_confirmation': False, 'session': 'london_ny', 'adx_min': 20.0, 'momentum_rr': 2.0, 'use_atr_expansion': True, 'body_mult': 1.5, 'max_wick_pct': 0.5, 'momentum_sl_atr_mult': 1.0}"
XAUUSDm,sweep,A_sweep_lb10_wick1.5_rr2_atr30,492,1100,28.909090909090907,0.5200458842091538,-123.37753392724584,-123.36612493751716,-11.216139447931452,-0.4486455779172581,2.2357723577235773,-1632.3823984759213,False,False,"{'strategy': 'sweep', 'variant': 'A_sweep_lb10_wick1.5_rr2_atr30', 'initial_balance': 10000.0, 'risk_pct': 0.0025, 'fee_rate': 0.0001, 'spread_atr_mult': 0.03, 'slippage_min_spread': 0.3, 'slippage_max_spread': 1.0, 'max_trades_per_day': 3, 'daily_loss_limit_pct': 0.03, 'max_hold_minutes': 720, 'seed': 42, 'sweep_lookback': 10, 'wick_body_min': 1.5, 'atr_percentile_min': 30.0, 'sweep_rr': 2.0, 'sl_atr_buffer': 0.1, 'use_m1_confirmation': False, 'session': 'london_ny', 'adx_min': 20.0, 'momentum_rr': 2.0, 'use_atr_expansion': True, 'body_mult': 1.5, 'max_wick_pct': 0.5, 'momentum_sl_atr_mult': 1.0}"
XAUUSDm,sweep,A_sweep_lb30_wick1.5_rr1.5_atr30,492,1071,36.04108309990663,0.5174852713931293,-108.67863083464894,-108.56810416007339,-10.147397837035385,-0.40589591348141546,2.176829268292683,-1397.9139478213353,False,False,"{'strategy': 'sweep', 'variant': 'A_sweep_lb30_wick1.5_rr1.5_atr30', 'initial_balance': 10000.0, 'risk_pct': 0.0025, 'fee_rate': 0.0001, 'spread_atr_mult': 0.03, 'slippage_min_spread': 0.3, 'slippage_max_spread': 1.0, 'max_trades_per_day': 3, 'daily_loss_limit_pct': 0.03, 'max_hold_minutes': 720, 'seed': 42, 'sweep_lookback': 30, 'wick_body_min': 1.5, 'atr_percentile_min': 30.0, 'sweep_rr': 1.5, 'sl_atr_buffer': 0.1, 'use_m1_confirmation': False, 'session': 'london_ny', 'adx_min': 20.0, 'momentum_rr': 2.0, 'use_atr_expansion': True, 'body_mult': 1.5, 'max_wick_pct': 0.5, 'momentum_sl_atr_mult': 1.0}"
XAUUSDm,sweep,A_sweep_lb20_wick2_rr2_atr30,492,1066,28.611632270168858,0.5168742296130551,-121.14951941087568,-121.56787746381931,-11.364870488825126,-0.454594819553005,2.1666666666666665,-1209.328279856166,False,False,"{'strategy': 'sweep', 'variant': 'A_sweep_lb20_wick2_rr2_atr30', 'initial_balance': 10000.0, 'risk_pct': 0.0025, 'fee_rate': 0.0001, 'spread_atr_mult': 0.03, 'slippage_min_spread': 0.3, 'slippage_max_spread': 1.0, 'max_trades_per_day': 3, 'daily_loss_limit_pct': 0.03, 'max_hold_minutes': 720, 'seed': 42, 'sweep_lookback': 20, 'wick_body_min': 2.0, 'atr_percentile_min': 30.0, 'sweep_rr': 2.0, 'sl_atr_buffer': 0.1, 'use_m1_confirmation': False, 'session': 'london_ny', 'adx_min': 20.0, 'momentum_rr': 2.0, 'use_atr_expansion': True, 'body_mult': 1.5, 'max_wick_pct': 0.5, 'momentum_sl_atr_mult': 1.0}"
XAUUSDm,sweep,A_sweep_lb20_wick1.2_rr2_atr30,492,1090,28.440366972477065,0.5167377183895283,-123.9960449886001,-123.9960449886001,-11.375783943908267,-0.4550313577563307,2.2154471544715446,-1385.5711161133538,False,False,"{'strategy': 'sweep', 'variant': 'A_sweep_lb20_wick1.2_rr2_atr30', 'initial_balance': 10000.0, 'risk_pct': 0.0025, 'fee_rate': 0.0001, 'spread_atr_mult': 0.03, 'slippage_min_spread': 0.3, 'slippage_max_spread': 1.0, 'max_trades_per_day': 3, 'daily_loss_limit_pct': 0.03, 'max_hold_minutes': 720, 'seed': 42, 'sweep_lookback': 20, 'wick_body_min': 1.2, 'atr_percentile_min': 30.0, 'sweep_rr': 2.0, 'sl_atr_buffer': 0.1, 'use_m1_confirmation': False, 'session': 'london_ny', 'adx_min': 20.0, 'momentum_rr': 2.0, 'use_atr_expansion': True, 'body_mult': 1.5, 'max_wick_pct': 0.5, 'momentum_sl_atr_mult': 1.0}"
XAUUSDm,sweep,A_sweep_lb10_wick1.5_rr2_atr20,492,1109,28.944995491433723,0.516730631158235,-125.58684483631284,-125.57435763168144,-11.324332266574647,-0.4529732906629858,2.2540650406504064,-1481.1258555764662,False,False,"{'strategy': 'sweep', 'variant': 'A_sweep_lb10_wick1.5_rr2_atr20', 'initial_balance': 10000.0, 'risk_pct': 0.0025, 'fee_rate': 0.0001, 'spread_atr_mult': 0.03, 'slippage_min_spread': 0.3, 'slippage_max_spread': 1.0, 'max_trades_per_day': 3, 'daily_loss_limit_pct': 0.03, 'max_hold_minutes': 720, 'seed': 42, 'sweep_lookback': 10, 'wick_body_min': 1.5, 'atr_percentile_min': 20.0, 'sweep_rr': 2.0, 'sl_atr_buffer': 0.1, 'use_m1_confirmation': False, 'session': 'london_ny', 'adx_min': 20.0, 'momentum_rr': 2.0, 'use_atr_expansion': True, 'body_mult': 1.5, 'max_wick_pct': 0.5, 'momentum_sl_atr_mult': 1.0}"
XAUUSDm,sweep,A_sweep_lb30_wick1.2_rr1.5_atr40,492,1068,35.674157303370784,0.5160702154476047,-109.39955308622811,-109.30963962839617,-10.243403847025114,-0.4097361538810046,2.1707317073170733,-1240.2779541610412,False,False,"{'strategy': 'sweep', 'variant': 'A_sweep_lb30_wick1.2_rr1.5_atr40', 'initial_balance': 10000.0, 'risk_pct': 0.0025, 'fee_rate': 0.0001, 'spread_atr_mult': 0.03, 'slippage_min_spread': 0.3, 'slippage_max_spread': 1.0, 'max_trades_per_day': 3, 'daily_loss_limit_pct': 0.03, 'max_hold_minutes': 720, 'seed': 42, 'sweep_lookback': 30, 'wick_body_min': 1.2, 'atr_percentile_min': 40.0, 'sweep_rr': 1.5, 'sl_atr_buffer': 0.1, 'use_m1_confirmation': False, 'session': 'london_ny', 'adx_min': 20.0, 'momentum_rr': 2.0, 'use_atr_expansion': True, 'body_mult': 1.5, 'max_wick_pct': 0.5, 'momentum_sl_atr_mult': 1.0}"
XAUUSDm,sweep,A_sweep_lb10_wick2_rr2_atr40,492,1078,28.57142857142857,0.5126489983566463,-123.22069132692748,-123.63756600831839,-11.430490846653766,-0.4572196338661507,2.1910569105691056,-1644.8405395817892,False,False,"{'strategy': 'sweep', 'variant': 'A_sweep_lb10_wick2_rr2_atr40', 'initial_balance': 10000.0, 'risk_pct': 0.0025, 'fee_rate': 0.0001, 'spread_atr_mult': 0.03, 'slippage_min_spread': 0.3, 'slippage_max_spread': 1.0, 'max_trades_per_day': 3, 'daily_loss_limit_pct': 0.03, 'max_hold_minutes': 720, 'seed': 42, 'sweep_lookback': 10, 'wick_body_min': 2.0, 'atr_percentile_min': 40.0, 'sweep_rr': 2.0, 'sl_atr_buffer': 0.1, 'use_m1_confirmation': False, 'session': 'london_ny', 'adx_min': 20.0, 'momentum_rr': 2.0, 'use_atr_expansion': True, 'body_mult': 1.5, 'max_wick_pct': 0.5, 'momentum_sl_atr_mult': 1.0}"
XAUUSDm,sweep,A_sweep_lb10_wick2_rr2_atr20,492,1096,28.832116788321166,0.5122601005305101,-125.69879321130873,-126.10267402489796,-11.468867993732552,-0.45875471974930204,2.227642276422764,-1411.475839153584,False,False,"{'strategy': 'sweep', 'variant': 'A_sweep_lb10_wick2_rr2_atr20', 'initial_balance': 10000.0, 'risk_pct': 0.0025, 'fee_rate': 0.0001, 'spread_atr_mult': 0.03, 'slippage_min_spread': 0.3, 'slippage_max_spread': 1.0, 'max_trades_per_day': 3, 'daily_loss_limit_pct': 0.03, 'max_hold_minutes': 720, 'seed': 42, 'sweep_lookback': 10, 'wick_body_min': 2.0, 'atr_percentile_min': 20.0, 'sweep_rr': 2.0, 'sl_atr_buffer': 0.1, 'use_m1_confirmation': False, 'session': 'london_ny', 'adx_min': 20.0, 'momentum_rr': 2.0, 'use_atr_expansion': True, 'body_mult': 1.5, 'max_wick_pct': 0.5, 'momentum_sl_atr_mult': 1.0}"
XAUUSDm,sweep,A_sweep_lb10_wick1.2_rr1.5_atr40,492,1095,35.70776255707763,0.5104995703445759,-112.67960665685209,-112.67960665685209,-10.29037503715544,-0.41161500148621755,2.225609756097561,-1355.041990626311,False,False,"{'strategy': 'sweep', 'variant': 'A_sweep_lb10_wick1.2_rr1.5_atr40', 'initial_balance': 10000.0, 'risk_pct': 0.0025, 'fee_rate': 0.0001, 'spread_atr_mult': 0.03, 'slippage_min_spread': 0.3, 'slippage_max_spread': 1.0, 'max_trades_per_day': 3, 'daily_loss_limit_pct': 0.03, 'max_hold_minutes': 720, 'seed': 42, 'sweep_lookback': 10, 'wick_body_min': 1.2, 'atr_percentile_min': 40.0, 'sweep_rr': 1.5, 'sl_atr_buffer': 0.1, 'use_m1_confirmation': False, 'session': 'london_ny', 'adx_min': 20.0, 'momentum_rr': 2.0, 'use_atr_expansion': True, 'body_mult': 1.5, 'max_wick_pct': 0.5, 'momentum_sl_atr_mult': 1.0}"
XAUUSDm,sweep,A_sweep_lb20_wick1.2_rr1.5_atr40,492,1079,35.403151065801666,0.5077950764432491,-112.92892533687255,-112.92892533687255,-10.466072783769482,-0.41864291135077925,2.1930894308943087,-1217.0550403067286,False,False,"{'strategy': 'sweep', 'variant': 'A_sweep_lb20_wick1.2_rr1.5_atr40', 'initial_balance': 10000.0, 'risk_pct': 0.0025, 'fee_rate': 0.0001, 'spread_atr_mult': 0.03, 'slippage_min_spread': 0.3, 'slippage_max_spread': 1.0, 'max_trades_per_day': 3, 'daily_loss_limit_pct': 0.03, 'max_hold_minutes': 720, 'seed': 42, 'sweep_lookback': 20, 'wick_body_min': 1.2, 'atr_percentile_min': 40.0, 'sweep_rr': 1.5, 'sl_atr_buffer': 0.1, 'use_m1_confirmation': False, 'session': 'london_ny', 'adx_min': 20.0, 'momentum_rr': 2.0, 'use_atr_expansion': True, 'body_mult': 1.5, 'max_wick_pct': 0.5, 'momentum_sl_atr_mult': 1.0}"
XAUUSDm,sweep,A_sweep_lb10_wick1.5_rr1.5_atr40,492,1088,35.75367647058824,0.5077144103956069,-112.91130752432127,-112.83926599089176,-10.377877529808952,-0.41511510119235817,2.2113821138211383,-1404.1407270691195,False,False,"{'strategy': 'sweep', 'variant': 'A_sweep_lb10_wick1.5_rr1.5_atr40', 'initial_balance': 10000.0, 'risk_pct': 0.0025, 'fee_rate': 0.0001, 'spread_atr_mult': 0.03, 'slippage_min_spread': 0.3, 'slippage_max_spread': 1.0, 'max_trades_per_day': 3, 'daily_loss_limit_pct': 0.03, 'max_hold_minutes': 720, 'seed': 42, 'sweep_lookback': 10, 'wick_body_min': 1.5, 'atr_percentile_min': 40.0, 'sweep_rr': 1.5, 'sl_atr_buffer': 0.1, 'use_m1_confirmation': False, 'session': 'london_ny', 'adx_min': 20.0, 'momentum_rr': 2.0, 'use_atr_expansion': True, 'body_mult': 1.5, 'max_wick_pct': 0.5, 'momentum_sl_atr_mult': 1.0}"
XAUUSDm,sweep,A_sweep_lb30_wick2_rr1.5_atr30,492,1052,35.456273764258555,0.5061499739807855,-109.55174345897501,-109.69161363274263,-10.413663826898771,-0.4165465530759508,2.138211382113821,-1418.796607254362,False,False,"{'strategy': 'sweep', 'variant': 'A_sweep_lb30_wick2_rr1.5_atr30', 'initial_balance': 10000.0, 'risk_pct': 0.0025, 'fee_rate': 0.0001, 'spread_atr_mult': 0.03, 'slippage_min_spread': 0.3, 'slippage_max_spread': 1.0, 'max_trades_per_day': 3, 'daily_loss_limit_pct': 0.03, 'max_hold_minutes': 720, 'seed': 42, 'sweep_lookback': 30, 'wick_body_min': 2.0, 'atr_percentile_min': 30.0, 'sweep_rr': 1.5, 'sl_atr_buffer': 0.1, 'use_m1_confirmation': False, 'session': 'london_ny', 'adx_min': 20.0, 'momentum_rr': 2.0, 'use_atr_expansion': True, 'body_mult': 1.5, 'max_wick_pct': 0.5, 'momentum_sl_atr_mult': 1.0}"
XAUUSDm,sweep,A_sweep_lb30_wick1.5_rr1.5_atr20,492,1083,35.641735918744224,0.505874314055673,-113.71018550637669,-113.5355794837557,-10.499555448418912,-0.41998221793675644,2.201219512195122,-1392.0138644372641,False,False,"{'strategy': 'sweep', 'variant': 'A_sweep_lb30_wick1.5_rr1.5_atr20', 'initial_balance': 10000.0, 'risk_pct': 0.0025, 'fee_rate': 0.0001, 'spread_atr_mult': 0.03, 'slippage_min_spread': 0.3, 'slippage_max_spread': 1.0, 'max_trades_per_day': 3, 'daily_loss_limit_pct': 0.03, 'max_hold_minutes': 720, 'seed': 42, 'sweep_lookback': 30, 'wick_body_min': 1.5, 'atr_percentile_min': 20.0, 'sweep_rr': 1.5, 'sl_atr_buffer': 0.1, 'use_m1_confirmation': False, 'session': 'london_ny', 'adx_min': 20.0, 'momentum_rr': 2.0, 'use_atr_expansion': True, 'body_mult': 1.5, 'max_wick_pct': 0.5, 'momentum_sl_atr_mult': 1.0}"
XAUUSDm,sweep,A_sweep_lb30_wick1.2_rr1.5_atr30,492,1083,35.45706371191136,0.505531321820506,-113.87173706280937,-113.69507360087047,-10.51447248964076,-0.4205788995856304,2.201219512195122,-1422.9097909922355,False,False,"{'strategy': 'sweep', 'variant': 'A_sweep_lb30_wick1.2_rr1.5_atr30', 'initial_balance': 10000.0, 'risk_pct': 0.0025, 'fee_rate': 0.0001, 'spread_atr_mult': 0.03, 'slippage_min_spread': 0.3, 'slippage_max_spread': 1.0, 'max_trades_per_day': 3, 'daily_loss_limit_pct': 0.03, 'max_hold_minutes': 720, 'seed': 42, 'sweep_lookback': 30, 'wick_body_min': 1.2, 'atr_percentile_min': 30.0, 'sweep_rr': 1.5, 'sl_atr_buffer': 0.1, 'use_m1_confirmation': False, 'session': 'london_ny', 'adx_min': 20.0, 'momentum_rr': 2.0, 'use_atr_expansion': True, 'body_mult': 1.5, 'max_wick_pct': 0.5, 'momentum_sl_atr_mult': 1.0}"
XAUUSDm,sweep,A_sweep_lb30_wick1.2_rr1.5_atr20,492,1094,35.64899451553931,0.5052557891541248,-115.1899425675002,-114.99649110367291,-10.529245207266941,-0.42116980829067757,2.2235772357723578,-1416.898028885373,False,False,"{'strategy': 'sweep', 'variant': 'A_sweep_lb30_wick1.2_rr1.5_atr20', 'initial_balance': 10000.0, 'risk_pct': 0.0025, 'fee_rate': 0.0001, 'spread_atr_mult': 0.03, 'slippage_min_spread': 0.3, 'slippage_max_spread': 1.0, 'max_trades_per_day': 3, 'daily_loss_limit_pct': 0.03, 'max_hold_minutes': 720, 'seed': 42, 'sweep_lookback': 30, 'wick_body_min': 1.2, 'atr_percentile_min': 20.0, 'sweep_rr': 1.5, 'sl_atr_buffer': 0.1, 'use_m1_confirmation': False, 'session': 'london_ny', 'adx_min': 20.0, 'momentum_rr': 2.0, 'use_atr_expansion': True, 'body_mult': 1.5, 'max_wick_pct': 0.5, 'momentum_sl_atr_mult': 1.0}"
XAUUSDm,sweep,A_sweep_lb10_wick2_rr2_atr30,492,1088,28.400735294117645,0.5046197916464261,-126.91436008187833,-127.31873441049844,-11.664922801643243,-0.4665969120657297,2.2113821138211383,-1475.4629102056083,False,False,"{'strategy': 'sweep', 'variant': 'A_sweep_lb10_wick2_rr2_atr30', 'initial_balance': 10000.0, 'risk_pct': 0.0025, 'fee_rate': 0.0001, 'spread_atr_mult': 0.03, 'slippage_min_spread': 0.3, 'slippage_max_spread': 1.0, 'max_trades_per_day': 3, 'daily_loss_limit_pct': 0.03, 'max_hold_minutes': 720, 'seed': 42, 'sweep_lookback': 10, 'wick_body_min': 2.0, 'atr_percentile_min': 30.0, 'sweep_rr': 2.0, 'sl_atr_buffer': 0.1, 'use_m1_confirmation': False, 'session': 'london_ny', 'adx_min': 20.0, 'momentum_rr': 2.0, 'use_atr_expansion': True, 'body_mult': 1.5, 'max_wick_pct': 0.5, 'momentum_sl_atr_mult': 1.0}"
XAUUSDm,sweep,A_sweep_lb30_wick2_rr1.5_atr40,492,1033,34.94675701839303,0.5029600039103741,-109.08854547427596,-109.26613738420907,-10.560362582214513,-0.4224145032885805,2.0995934959349594,-1383.6937407871737,False,False,"{'strategy': 'sweep', 'variant': 'A_sweep_lb30_wick2_rr1.5_atr40', 'initial_balance': 10000.0, 'risk_pct': 0.0025, 'fee_rate': 0.0001, 'spread_atr_mult': 0.03, 'slippage_min_spread': 0.3, 'slippage_max_spread': 1.0, 'max_trades_per_day': 3, 'daily_loss_limit_pct': 0.03, 'max_hold_minutes': 720, 'seed': 42, 'sweep_lookback': 30, 'wick_body_min': 2.0, 'atr_percentile_min': 40.0, 'sweep_rr': 1.5, 'sl_atr_buffer': 0.1, 'use_m1_confirmation': False, 'session': 'london_ny', 'adx_min': 20.0, 'momentum_rr': 2.0, 'use_atr_expansion': True, 'body_mult': 1.5, 'max_wick_pct': 0.5, 'momentum_sl_atr_mult': 1.0}"
XAUUSDm,sweep,A_sweep_lb10_wick1.2_rr1.5_atr30,492,1107,35.50135501355013,0.499517244041803,-117.21736300841266,-117.15859770132498,-10.5887410125034,-0.42354964050013594,2.25,-1099.6934470479453,False,False,"{'strategy': 'sweep', 'variant': 'A_sweep_lb10_wick1.2_rr1.5_atr30', 'initial_balance': 10000.0, 'risk_pct': 0.0025, 'fee_rate': 0.0001, 'spread_atr_mult': 0.03, 'slippage_min_spread': 0.3, 'slippage_max_spread': 1.0, 'max_trades_per_day': 3, 'daily_loss_limit_pct': 0.03, 'max_hold_minutes': 720, 'seed': 42, 'sweep_lookback': 10, 'wick_body_min': 1.2, 'atr_percentile_min': 30.0, 'sweep_rr': 1.5, 'sl_atr_buffer': 0.1, 'use_m1_confirmation': False, 'session': 'london_ny', 'adx_min': 20.0, 'momentum_rr': 2.0, 'use_atr_expansion': True, 'body_mult': 1.5, 'max_wick_pct': 0.5, 'momentum_sl_atr_mult': 1.0}"
XAUUSDm,sweep,A_sweep_lb10_wick1.2_rr1.5_atr20,492,1116,35.66308243727598,0.4973889690209791,-118.72675300936886,-118.66283593967512,-10.638597939907605,-0.42554391759630433,2.268292682926829,-1179.0479531647725,False,False,"{'strategy': 'sweep', 'variant': 'A_sweep_lb10_wick1.2_rr1.5_atr20', 'initial_balance': 10000.0, 'risk_pct': 0.0025, 'fee_rate': 0.0001, 'spread_atr_mult': 0.03, 'slippage_min_spread': 0.3, 'slippage_max_spread': 1.0, 'max_trades_per_day': 3, 'daily_loss_limit_pct': 0.03, 'max_hold_minutes': 720, 'seed': 42, 'sweep_lookback': 10, 'wick_body_min': 1.2, 'atr_percentile_min': 20.0, 'sweep_rr': 1.5, 'sl_atr_buffer': 0.1, 'use_m1_confirmation': False, 'session': 'london_ny', 'adx_min': 20.0, 'momentum_rr': 2.0, 'use_atr_expansion': True, 'body_mult': 1.5, 'max_wick_pct': 0.5, 'momentum_sl_atr_mult': 1.0}"
XAUUSDm,sweep,A_sweep_lb10_wick1.5_rr1.5_atr30,492,1100,35.36363636363637,0.49512442024282466,-118.15754127616502,-117.95830973398003,-10.741594661469552,-0.4296637864587821,2.2357723577235773,-1148.2842527934495,False,False,"{'strategy': 'sweep', 'variant': 'A_sweep_lb10_wick1.5_rr1.5_atr30', 'initial_balance': 10000.0, 'risk_pct': 0.0025, 'fee_rate': 0.0001, 'spread_atr_mult': 0.03, 'slippage_min_spread': 0.3, 'slippage_max_spread': 1.0, 'max_trades_per_day': 3, 'daily_loss_limit_pct': 0.03, 'max_hold_minutes': 720, 'seed': 42, 'sweep_lookback': 10, 'wick_body_min': 1.5, 'atr_percentile_min': 30.0, 'sweep_rr': 1.5, 'sl_atr_buffer': 0.1, 'use_m1_confirmation': False, 'session': 'london_ny', 'adx_min': 20.0, 'momentum_rr': 2.0, 'use_atr_expansion': True, 'body_mult': 1.5, 'max_wick_pct': 0.5, 'momentum_sl_atr_mult': 1.0}"
XAUUSDm,sweep,A_sweep_lb20_wick1.2_rr1.5_atr20,492,1097,35.278030993618955,0.493129979212836,-118.82382263552881,-118.81826379225409,-10.831706712445655,-0.4332682684978261,2.2296747967479673,-1285.906256388805,False,False,"{'strategy': 'sweep', 'variant': 'A_sweep_lb20_wick1.2_rr1.5_atr20', 'initial_balance': 10000.0, 'risk_pct': 0.0025, 'fee_rate': 0.0001, 'spread_atr_mult': 0.03, 'slippage_min_spread': 0.3, 'slippage_max_spread': 1.0, 'max_trades_per_day': 3, 'daily_loss_limit_pct': 0.03, 'max_hold_minutes': 720, 'seed': 42, 'sweep_lookback': 20, 'wick_body_min': 1.2, 'atr_percentile_min': 20.0, 'sweep_rr': 1.5, 'sl_atr_buffer': 0.1, 'use_m1_confirmation': False, 'session': 'london_ny', 'adx_min': 20.0, 'momentum_rr': 2.0, 'use_atr_expansion': True, 'body_mult': 1.5, 'max_wick_pct': 0.5, 'momentum_sl_atr_mult': 1.0}"
XAUUSDm,sweep,A_sweep_lb10_wick2_rr1.5_atr20,492,1096,35.4014598540146,0.489891704698394,-119.58878452570947,-119.6622626149076,-10.911385449426062,-0.4364554179770425,2.227642276422764,-1203.626544845599,False,False,"{'strategy': 'sweep', 'variant': 'A_sweep_lb10_wick2_rr1.5_atr20', 'initial_balance': 10000.0, 'risk_pct': 0.0025, 'fee_rate': 0.0001, 'spread_atr_mult': 0.03, 'slippage_min_spread': 0.3, 'slippage_max_spread': 1.0, 'max_trades_per_day': 3, 'daily_loss_limit_pct': 0.03, 'max_hold_minutes': 720, 'seed': 42, 'sweep_lookback': 10, 'wick_body_min': 2.0, 'atr_percentile_min': 20.0, 'sweep_rr': 1.5, 'sl_atr_buffer': 0.1, 'use_m1_confirmation': False, 'session': 'london_ny', 'adx_min': 20.0, 'momentum_rr': 2.0, 'use_atr_expansion': True, 'body_mult': 1.5, 'max_wick_pct': 0.5, 'momentum_sl_atr_mult': 1.0}"
XAUUSDm,sweep,A_sweep_lb10_wick1.5_rr1.5_atr20,492,1109,35.166816952209196,0.48546609039361044,-122.20121581113636,-121.95761551321272,-11.019045609660628,-0.4407618243864252,2.2540650406504064,-1341.6711282691465,False,False,"{'strategy': 'sweep', 'variant': 'A_sweep_lb10_wick1.5_rr1.5_atr20', 'initial_balance': 10000.0, 'risk_pct': 0.0025, 'fee_rate': 0.0001, 'spread_atr_mult': 0.03, 'slippage_min_spread': 0.3, 'slippage_max_spread': 1.0, 'max_trades_per_day': 3, 'daily_loss_limit_pct': 0.03, 'max_hold_minutes': 720, 'seed': 42, 'sweep_lookback': 10, 'wick_body_min': 1.5, 'atr_percentile_min': 20.0, 'sweep_rr': 1.5, 'sl_atr_buffer': 0.1, 'use_m1_confirmation': False, 'session': 'london_ny', 'adx_min': 20.0, 'momentum_rr': 2.0, 'use_atr_expansion': True, 'body_mult': 1.5, 'max_wick_pct': 0.5, 'momentum_sl_atr_mult': 1.0}"
XAUUSDm,sweep,A_sweep_lb20_wick2_rr1.5_atr40,492,1054,34.440227703984824,0.4847579737429346,-117.49163962822082,-117.78239671787856,-11.14721438597921,-0.4458885754391683,2.1422764227642275,-1271.7141074318845,False,False,"{'strategy': 'sweep', 'variant': 'A_sweep_lb20_wick2_rr1.5_atr40', 'initial_balance': 10000.0, 'risk_pct': 0.0025, 'fee_rate': 0.0001, 'spread_atr_mult': 0.03, 'slippage_min_spread': 0.3, 'slippage_max_spread': 1.0, 'max_trades_per_day': 3, 'daily_loss_limit_pct': 0.03, 'max_hold_minutes': 720, 'seed': 42, 'sweep_lookback': 20, 'wick_body_min': 2.0, 'atr_percentile_min': 40.0, 'sweep_rr': 1.5, 'sl_atr_buffer': 0.1, 'use_m1_confirmation': False, 'session': 'london_ny', 'adx_min': 20.0, 'momentum_rr': 2.0, 'use_atr_expansion': True, 'body_mult': 1.5, 'max_wick_pct': 0.5, 'momentum_sl_atr_mult': 1.0}"
XAUUSDm,sweep,A_sweep_lb30_wick2_rr1.5_atr20,492,1072,34.60820895522388,0.4837726927714944,-119.0424731918479,-119.03836117702879,-11.104708320135074,-0.44418833280540304,2.178861788617886,-1427.136745304834,False,False,"{'strategy': 'sweep', 'variant': 'A_sweep_lb30_wick2_rr1.5_atr20', 'initial_balance': 10000.0, 'risk_pct': 0.0025, 'fee_rate': 0.0001, 'spread_atr_mult': 0.03, 'slippage_min_spread': 0.3, 'slippage_max_spread': 1.0, 'max_trades_per_day': 3, 'daily_loss_limit_pct': 0.03, 'max_hold_minutes': 720, 'seed': 42, 'sweep_lookback': 30, 'wick_body_min': 2.0, 'atr_percentile_min': 20.0, 'sweep_rr': 1.5, 'sl_atr_buffer': 0.1, 'use_m1_confirmation': False, 'session': 'london_ny', 'adx_min': 20.0, 'momentum_rr': 2.0, 'use_atr_expansion': True, 'body_mult': 1.5, 'max_wick_pct': 0.5, 'momentum_sl_atr_mult': 1.0}"
XAUUSDm,sweep,A_sweep_lb20_wick1.5_rr1.5_atr30,492,1080,34.44444444444444,0.48137316501690885,-121.55892966704911,-121.55256312219207,-11.255456450652689,-0.4502182580261076,2.1951219512195124,-1404.3965047513377,False,False,"{'strategy': 'sweep', 'variant': 'A_sweep_lb20_wick1.5_rr1.5_atr30', 'initial_balance': 10000.0, 'risk_pct': 0.0025, 'fee_rate': 0.0001, 'spread_atr_mult': 0.03, 'slippage_min_spread': 0.3, 'slippage_max_spread': 1.0, 'max_trades_per_day': 3, 'daily_loss_limit_pct': 0.03, 'max_hold_minutes': 720, 'seed': 42, 'sweep_lookback': 20, 'wick_body_min': 1.5, 'atr_percentile_min': 30.0, 'sweep_rr': 1.5, 'sl_atr_buffer': 0.1, 'use_m1_confirmation': False, 'session': 'london_ny', 'adx_min': 20.0, 'momentum_rr': 2.0, 'use_atr_expansion': True, 'body_mult': 1.5, 'max_wick_pct': 0.5, 'momentum_sl_atr_mult': 1.0}"
XAUUSDm,sweep,A_sweep_lb20_wick1.2_rr1.5_atr30,492,1090,34.22018348623853,0.4771606079903148,-123.71203833030218,-123.70503595318915,-11.349728287183694,-0.4539891314873478,2.2154471544715446,-1340.4789548865947,False,False,"{'strategy': 'sweep', 'variant': 'A_sweep_lb20_wick1.2_rr1.5_atr30', 'initial_balance': 10000.0, 'risk_pct': 0.0025, 'fee_rate': 0.0001, 'spread_atr_mult': 0.03, 'slippage_min_spread': 0.3, 'slippage_max_spread': 1.0, 'max_trades_per_day': 3, 'daily_loss_limit_pct': 0.03, 'max_hold_minutes': 720, 'seed': 42, 'sweep_lookback': 20, 'wick_body_min': 1.2, 'atr_percentile_min': 30.0, 'sweep_rr': 1.5, 'sl_atr_buffer': 0.1, 'use_m1_confirmation': False, 'session': 'london_ny', 'adx_min': 20.0, 'momentum_rr': 2.0, 'use_atr_expansion': True, 'body_mult': 1.5, 'max_wick_pct': 0.5, 'momentum_sl_atr_mult': 1.0}"
XAUUSDm,sweep,A_sweep_lb20_wick1.5_rr1.5_atr20,492,1089,34.52708907254362,0.47640445344963706,-123.90838022005673,-123.90131986142666,-11.378180001841756,-0.4551272000736703,2.2134146341463414,-1350.2821265215448,False,False,"{'strategy': 'sweep', 'variant': 'A_sweep_lb20_wick1.5_rr1.5_atr20', 'initial_balance': 10000.0, 'risk_pct': 0.0025, 'fee_rate': 0.0001, 'spread_atr_mult': 0.03, 'slippage_min_spread': 0.3, 'slippage_max_spread': 1.0, 'max_trades_per_day': 3, 'daily_loss_limit_pct': 0.03, 'max_hold_minutes': 720, 'seed': 42, 'sweep_lookback': 20, 'wick_body_min': 1.5, 'atr_percentile_min': 20.0, 'sweep_rr': 1.5, 'sl_atr_buffer': 0.1, 'use_m1_confirmation': False, 'session': 'london_ny', 'adx_min': 20.0, 'momentum_rr': 2.0, 'use_atr_expansion': True, 'body_mult': 1.5, 'max_wick_pct': 0.5, 'momentum_sl_atr_mult': 1.0}"
XAUUSDm,sweep,A_sweep_lb10_wick2_rr1.5_atr30,492,1088,34.55882352941176,0.4761568187600117,-122.82401476172875,-122.86307000905626,-11.288971945011845,-0.4515588778004738,2.2113821138211383,-1264.3165483448145,False,False,"{'strategy': 'sweep', 'variant': 'A_sweep_lb10_wick2_rr1.5_atr30', 'initial_balance': 10000.0, 'risk_pct': 0.0025, 'fee_rate': 0.0001, 'spread_atr_mult': 0.03, 'slippage_min_spread': 0.3, 'slippage_max_spread': 1.0, 'max_trades_per_day': 3, 'daily_loss_limit_pct': 0.03, 'max_hold_minutes': 720, 'seed': 42, 'sweep_lookback': 10, 'wick_body_min': 2.0, 'atr_percentile_min': 30.0, 'sweep_rr': 1.5, 'sl_atr_buffer': 0.1, 'use_m1_confirmation': False, 'session': 'london_ny', 'adx_min': 20.0, 'momentum_rr': 2.0, 'use_atr_expansion': True, 'body_mult': 1.5, 'max_wick_pct': 0.5, 'momentum_sl_atr_mult': 1.0}"
XAUUSDm,sweep,A_sweep_lb10_wick2_rr1.5_atr40,492,1078,34.23005565862709,0.47221597596031534,-123.21314258278602,-123.3738533232179,-11.429790592095193,-0.4571916236838078,2.1910569105691056,-1181.4786333940808,False,False,"{'strategy': 'sweep', 'variant': 'A_sweep_lb10_wick2_rr1.5_atr40', 'initial_balance': 10000.0, 'risk_pct': 0.0025, 'fee_rate': 0.0001, 'spread_atr_mult': 0.03, 'slippage_min_spread': 0.3, 'slippage_max_spread': 1.0, 'max_trades_per_day': 3, 'daily_loss_limit_pct': 0.03, 'max_hold_minutes': 720, 'seed': 42, 'sweep_lookback': 10, 'wick_body_min': 2.0, 'atr_percentile_min': 40.0, 'sweep_rr': 1.5, 'sl_atr_buffer': 0.1, 'use_m1_confirmation': False, 'session': 'london_ny', 'adx_min': 20.0, 'momentum_rr': 2.0, 'use_atr_expansion': True, 'body_mult': 1.5, 'max_wick_pct': 0.5, 'momentum_sl_atr_mult': 1.0}"
XAUUSDm,sweep,A_sweep_lb20_wick2_rr1.5_atr20,492,1079,34.38368860055607,0.47152006515034295,-124.00485443606313,-124.22541606858744,-11.492572236891869,-0.45970288947567484,2.1930894308943087,-1264.5146545671203,False,False,"{'strategy': 'sweep', 'variant': 'A_sweep_lb20_wick2_rr1.5_atr20', 'initial_balance': 10000.0, 'risk_pct': 0.0025, 'fee_rate': 0.0001, 'spread_atr_mult': 0.03, 'slippage_min_spread': 0.3, 'slippage_max_spread': 1.0, 'max_trades_per_day': 3, 'daily_loss_limit_pct': 0.03, 'max_hold_minutes': 720, 'seed': 42, 'sweep_lookback': 20, 'wick_body_min': 2.0, 'atr_percentile_min': 20.0, 'sweep_rr': 1.5, 'sl_atr_buffer': 0.1, 'use_m1_confirmation': False, 'session': 'london_ny', 'adx_min': 20.0, 'momentum_rr': 2.0, 'use_atr_expansion': True, 'body_mult': 1.5, 'max_wick_pct': 0.5, 'momentum_sl_atr_mult': 1.0}"
XAUUSDm,sweep,A_sweep_lb20_wick2_rr1.5_atr30,492,1066,33.95872420262664,0.4683017635208247,-123.6703729696139,-123.89296265075717,-11.601348308594176,-0.46405393234376696,2.1666666666666665,-1314.1265881292636,False,False,"{'strategy': 'sweep', 'variant': 'A_sweep_lb20_wick2_rr1.5_atr30', 'initial_balance': 10000.0, 'risk_pct': 0.0025, 'fee_rate': 0.0001, 'spread_atr_mult': 0.03, 'slippage_min_spread': 0.3, 'slippage_max_spread': 1.0, 'max_trades_per_day': 3, 'daily_loss_limit_pct': 0.03, 'max_hold_minutes': 720, 'seed': 42, 'sweep_lookback': 20, 'wick_body_min': 2.0, 'atr_percentile_min': 30.0, 'sweep_rr': 1.5, 'sl_atr_buffer': 0.1, 'use_m1_confirmation': False, 'session': 'london_ny', 'adx_min': 20.0, 'momentum_rr': 2.0, 'use_atr_expansion': True, 'body_mult': 1.5, 'max_wick_pct': 0.5, 'momentum_sl_atr_mult': 1.0}"
